GENE,NSMCE2,NSMCE2,NSMCE2,PIAS1,PIAS1,PIAS1,PIAS2,PIAS2,PIAS2,PIAS3,PIAS3,PIAS3,PIAS4,PIAS4,PIAS4
NAME,SATT index,minLogP,Diff,SATT index,minLogP,Diff,SATT index,minLogP,Diff,SATT index,minLogP,Diff,SATT index,minLogP,Diff
AATF,0.115311679,6.13,4.74,NaN,NaN,NaN,NaN,NaN,NaN,NaN,NaN,NaN,NaN,NaN,NaN
ACAD9,NaN,NaN,NaN,NaN,NaN,NaN,0.02230108,2.93,1.28,NaN,NaN,NaN,NaN,NaN,NaN
ACADVL,NaN,NaN,NaN,NaN,NaN,NaN,0.734300718,1.4,1.53,NaN,NaN,NaN,NaN,NaN,NaN
ACTN1,NaN,NaN,NaN,NaN,NaN,NaN,-0.045005283,1.95,0.41,NaN,NaN,NaN,NaN,NaN,NaN
ACTN4,NaN,NaN,NaN,NaN,NaN,NaN,-0.493803806,2.54,0.38,NaN,NaN,NaN,NaN,NaN,NaN
ADCK5,NaN,NaN,NaN,0.648863122,1.93,2.46,NaN,NaN,NaN,NaN,NaN,NaN,NaN,NaN,NaN
ADPGK,0.278071387,1.5,0.47,NaN,NaN,NaN,NaN,NaN,NaN,NaN,NaN,NaN,NaN,NaN,NaN
AGPS,NaN,NaN,NaN,NaN,NaN,NaN,-0.19935559,1.46,0.18,NaN,NaN,NaN,NaN,NaN,NaN
ALG1,0.07747346,1.68,0.46,NaN,NaN,NaN,0.522817701,1.46,0.35,NaN,NaN,NaN,NaN,NaN,NaN
ALG2,NaN,NaN,NaN,NaN,NaN,NaN,-0.364916595,1.64,3.07,NaN,NaN,NaN,NaN,NaN,NaN
ALPP,NaN,NaN,NaN,NaN,NaN,NaN,NaN,NaN,NaN,1.121050491,1.36,1.77,NaN,NaN,NaN
ANXA5,1.189879916,1.62,2.55,NaN,NaN,NaN,NaN,NaN,NaN,NaN,NaN,NaN,NaN,NaN,NaN
AP2B1,NaN,NaN,NaN,NaN,NaN,NaN,0.359325128,2.38,0.66,NaN,NaN,NaN,NaN,NaN,NaN
AP2M1,NaN,NaN,NaN,NaN,NaN,NaN,0.169302971,2.4,0.76,NaN,NaN,NaN,NaN,NaN,NaN
API5,NaN,NaN,NaN,NaN,NaN,NaN,-0.254899962,1.97,0.74,NaN,NaN,NaN,NaN,NaN,NaN
AQR,NaN,NaN,NaN,NaN,NaN,NaN,0.296178409,1.33,0.21,NaN,NaN,NaN,NaN,NaN,NaN
ARID5B,NaN,NaN,NaN,0.594797633,1.3,0.46,NaN,NaN,NaN,1.90598188,1.31,0.25,0.05681864,1.31,1.21
ARL1,NaN,NaN,NaN,NaN,NaN,NaN,-0.04731325,1.72,2.97,NaN,NaN,NaN,NaN,NaN,NaN
ARMC10,NaN,NaN,NaN,NaN,NaN,NaN,0.031237094,1.67,0.47,0.304115545,1.63,2.58,NaN,NaN,NaN
ARMCX2,NaN,NaN,NaN,NaN,NaN,NaN,-0.167929187,1.47,0.41,0.568258118,1.61,2.75,NaN,NaN,NaN
ATAD2,-0.140151086,2.48,0.92,NaN,NaN,NaN,NaN,NaN,NaN,NaN,NaN,NaN,0.510579827,1.62,2.57
ATAD5,0.481953258,4.04,2.52,NaN,NaN,NaN,NaN,NaN,NaN,NaN,NaN,NaN,NaN,NaN,NaN
ATF6,-0.094016001,2.69,1.83,NaN,NaN,NaN,NaN,NaN,NaN,NaN,NaN,NaN,-0.008018189,2.14,3.75
ATP5F1,NaN,NaN,NaN,NaN,NaN,NaN,0.084866836,6.02,0.71,NaN,NaN,NaN,NaN,NaN,NaN
ATP6V0D1,NaN,NaN,NaN,NaN,NaN,NaN,0.312037781,4.61,3.88,NaN,NaN,NaN,NaN,NaN,NaN
ATRN,NaN,NaN,NaN,0.866694826,1.65,2.18,NaN,NaN,NaN,NaN,NaN,NaN,NaN,NaN,NaN
ATXN2L,NaN,NaN,NaN,-1.806458281,1.78,0.62,NaN,NaN,NaN,NaN,NaN,NaN,NaN,NaN,NaN
BAG6,NaN,NaN,NaN,NaN,NaN,NaN,NaN,NaN,NaN,1.208629437,1.68,0.22,NaN,NaN,NaN
BBX,0.049884261,4.09,2.47,NaN,NaN,NaN,NaN,NaN,NaN,NaN,NaN,NaN,NaN,NaN,NaN
BCAP29,NaN,NaN,NaN,NaN,NaN,NaN,-0.127189471,2.43,0.55,NaN,NaN,NaN,NaN,NaN,NaN
BCAP31,NaN,NaN,NaN,NaN,NaN,NaN,0.631968129,2.39,0.43,NaN,NaN,NaN,NaN,NaN,NaN
BCL11B,0.036267991,4.4,3.96,0.387746633,4.6,4.28,NaN,NaN,NaN,NaN,NaN,NaN,0.076770766,1.31,2.86
BCLAF1,1.165840511,2.01,1.9,NaN,NaN,NaN,NaN,NaN,NaN,NaN,NaN,NaN,NaN,NaN,NaN
BEND3,0.701804024,3.3,2.4,NaN,NaN,NaN,NaN,NaN,NaN,NaN,NaN,NaN,NaN,NaN,NaN
BHLHE40,-0.201794261,1.33,1.79,0.878127564,2.28,2.19,NaN,NaN,NaN,NaN,NaN,NaN,NaN,NaN,NaN
BHLHE41,0.100183184,7.41,5.42,NaN,NaN,NaN,NaN,NaN,NaN,NaN,NaN,NaN,0.765142238,1.79,3.79
BLM,0.038052021,6.72,4.5,NaN,NaN,NaN,NaN,NaN,NaN,NaN,NaN,NaN,0.799846022,4.71,3.53
BMS1,0.736841449,3.61,2.26,NaN,NaN,NaN,NaN,NaN,NaN,NaN,NaN,NaN,NaN,NaN,NaN
BNC2,-0.235860309,5.42,3.62,0.632693037,1.62,2.44,NaN,NaN,NaN,NaN,NaN,NaN,0.239822005,3.49,5.15
BRCA1,0.07577042,4.56,4.98,NaN,NaN,NaN,NaN,NaN,NaN,NaN,NaN,NaN,NaN,NaN,NaN
BRI3BP,NaN,NaN,NaN,NaN,NaN,NaN,0.448131232,4.67,0.55,NaN,NaN,NaN,NaN,NaN,NaN
BRIX1,0.386668288,1.67,3.15,NaN,NaN,NaN,NaN,NaN,NaN,NaN,NaN,NaN,NaN,NaN,NaN
C11orf84,0.077050186,5.81,5.51,NaN,NaN,NaN,0.081965711,4.99,5.05,NaN,NaN,NaN,NaN,NaN,NaN
C14orf93,0.350801184,5.4,4.22,NaN,NaN,NaN,NaN,NaN,NaN,NaN,NaN,NaN,NaN,NaN,NaN
C18orf25,0.202727786,4.79,4.77,NaN,NaN,NaN,NaN,NaN,NaN,NaN,NaN,NaN,NaN,NaN,NaN
C2orf47,NaN,NaN,NaN,NaN,NaN,NaN,-0.228520253,2.98,0.81,NaN,NaN,NaN,NaN,NaN,NaN
CALML5,NaN,NaN,NaN,0.434971727,1.5,3.26,NaN,NaN,NaN,NaN,NaN,NaN,NaN,NaN,NaN
CALR,1.216035565,1.4,2.8,NaN,NaN,NaN,NaN,NaN,NaN,NaN,NaN,NaN,NaN,NaN,NaN
CAND1,NaN,NaN,NaN,NaN,NaN,NaN,0.911954197,2,0.44,NaN,NaN,NaN,NaN,NaN,NaN
CASC4,NaN,NaN,NaN,0.563355305,1.61,3.11,NaN,NaN,NaN,NaN,NaN,NaN,NaN,NaN,NaN
CASC5,-0.335008717,1.62,2.96,NaN,NaN,NaN,NaN,NaN,NaN,NaN,NaN,NaN,NaN,NaN,NaN
CASP14,NaN,NaN,NaN,NaN,NaN,NaN,-0.179814053,4.48,3.14,NaN,NaN,NaN,NaN,NaN,NaN
CASP8AP2,0.223413248,6.22,7.69,NaN,NaN,NaN,NaN,NaN,NaN,NaN,NaN,NaN,0.320408512,2.82,3.99
CBL,0.450592,1.92,0.93,NaN,NaN,NaN,NaN,NaN,NaN,NaN,NaN,NaN,NaN,NaN,NaN
CBLL1,NaN,NaN,NaN,0.223941438,1.34,0.37,NaN,NaN,NaN,NaN,NaN,NaN,NaN,NaN,NaN
CBX2,0.005927375,5.47,4.32,NaN,NaN,NaN,NaN,NaN,NaN,NaN,NaN,NaN,NaN,NaN,NaN
CBX4,NaN,NaN,NaN,NaN,NaN,NaN,-0.334847695,1.47,0.2,NaN,NaN,NaN,NaN,NaN,NaN
CCDC47,NaN,NaN,NaN,NaN,NaN,NaN,0.243415617,5.03,0.99,NaN,NaN,NaN,NaN,NaN,NaN
CCNK,NaN,NaN,NaN,NaN,NaN,NaN,0.037866285,2.97,0.67,NaN,NaN,NaN,NaN,NaN,NaN
CCNT1,NaN,NaN,NaN,NaN,NaN,NaN,0.043903128,1.51,0.33,NaN,NaN,NaN,NaN,NaN,NaN
CCNYL1,NaN,NaN,NaN,NaN,NaN,NaN,NaN,NaN,NaN,3.223374284,1.33,0.48,NaN,NaN,NaN
CCSMST1,NaN,NaN,NaN,NaN,NaN,NaN,0.308558781,4.16,3.64,NaN,NaN,NaN,NaN,NaN,NaN
CCT3,NaN,NaN,NaN,NaN,NaN,NaN,NaN,NaN,NaN,NaN,NaN,NaN,0.106528811,1.82,5.69
CCT8,NaN,NaN,NaN,NaN,NaN,NaN,0.717787673,1.54,0.82,NaN,NaN,NaN,NaN,NaN,NaN
CCZ1,NaN,NaN,NaN,NaN,NaN,NaN,0.232394587,1.69,2.85,NaN,NaN,NaN,NaN,NaN,NaN
CDK1,-0.342602586,1.79,2.91,-0.065470086,1.9,3.11,NaN,NaN,NaN,NaN,NaN,NaN,0.156941771,2.33,3.86
CDC23,NaN,NaN,NaN,NaN,NaN,NaN,0.017376806,1.61,2.43,NaN,NaN,NaN,NaN,NaN,NaN
CDC42,NaN,NaN,NaN,NaN,NaN,NaN,0.361349738,2.69,0.8,NaN,NaN,NaN,NaN,NaN,NaN
CDC5L,0.929853879,3.19,2.31,NaN,NaN,NaN,NaN,NaN,NaN,NaN,NaN,NaN,NaN,NaN,NaN
CDC7,-0.372048779,1.48,2.59,NaN,NaN,NaN,NaN,NaN,NaN,NaN,NaN,NaN,NaN,NaN,NaN
CDK11A,-0.041175985,4.85,6.71,0.068590619,2.32,2.52,NaN,NaN,NaN,NaN,NaN,NaN,0.083350518,3.2,4.09
CDK11B,0.4856283,3.33,3.77,NaN,NaN,NaN,NaN,NaN,NaN,NaN,NaN,NaN,0.529557445,1.39,1.18
CEBPZ,NaN,NaN,NaN,NaN,NaN,NaN,0.120307097,4.8,0.72,NaN,NaN,NaN,NaN,NaN,NaN
CENPB,0.103154238,4.23,4.95,NaN,NaN,NaN,NaN,NaN,NaN,NaN,NaN,NaN,NaN,NaN,NaN
CENPC,0.087921251,5.65,3.98,NaN,NaN,NaN,NaN,NaN,NaN,NaN,NaN,NaN,NaN,NaN,NaN
CENPL,NaN,NaN,NaN,NaN,NaN,NaN,0.026233121,1.88,2.5,NaN,NaN,NaN,NaN,NaN,NaN
CENPP,11.76511121,1.46,0.17,NaN,NaN,NaN,NaN,NaN,NaN,NaN,NaN,NaN,NaN,NaN,NaN
CEPT1,NaN,NaN,NaN,NaN,NaN,NaN,0.042150484,1.51,0.53,NaN,NaN,NaN,NaN,NaN,NaN
CERS2,NaN,NaN,NaN,NaN,NaN,NaN,0.850692379,2.45,0.28,NaN,NaN,NaN,NaN,NaN,NaN
CHD4,0.003892281,2.81,0.57,0.324246721,1.49,0.89,NaN,NaN,NaN,NaN,NaN,NaN,NaN,NaN,NaN
CISD2,NaN,NaN,NaN,NaN,NaN,NaN,-0.016084952,2.41,3.3,NaN,NaN,NaN,NaN,NaN,NaN
CLASP1,NaN,NaN,NaN,NaN,NaN,NaN,NaN,NaN,NaN,0.107151833,1.59,0.28,NaN,NaN,NaN
CLCC1,NaN,NaN,NaN,NaN,NaN,NaN,0.781050812,1.65,0.7,NaN,NaN,NaN,NaN,NaN,NaN
CLPTM1,NaN,NaN,NaN,NaN,NaN,NaN,0.567512069,2.94,0.67,NaN,NaN,NaN,NaN,NaN,NaN
CLTC,NaN,NaN,NaN,NaN,NaN,NaN,1.032599478,1.42,0.18,NaN,NaN,NaN,NaN,NaN,NaN
CNEP1R1,NaN,NaN,NaN,NaN,NaN,NaN,NaN,NaN,NaN,0.275089251,1.44,0.16,NaN,NaN,NaN
CNNM4,NaN,NaN,NaN,NaN,NaN,NaN,0.653170041,1.34,2.11,NaN,NaN,NaN,NaN,NaN,NaN
CNOT11,NaN,NaN,NaN,NaN,NaN,NaN,0.282349696,6.05,4.05,NaN,NaN,NaN,NaN,NaN,NaN
CNTN6,NaN,NaN,NaN,NaN,NaN,NaN,NaN,NaN,NaN,NaN,NaN,NaN,0.634298646,1.49,3.94
COIL,0.844146747,4.44,5.27,NaN,NaN,NaN,NaN,NaN,NaN,NaN,NaN,NaN,NaN,NaN,NaN
COPB1,NaN,NaN,NaN,NaN,NaN,NaN,0.4719206,1.58,0.28,NaN,NaN,NaN,NaN,NaN,NaN
COPG1,NaN,NaN,NaN,NaN,NaN,NaN,0.513630677,1.85,1.19,NaN,NaN,NaN,NaN,NaN,NaN
COPS3,NaN,NaN,NaN,NaN,NaN,NaN,1.297109658,2.35,0.45,NaN,NaN,NaN,NaN,NaN,NaN
COX20,NaN,NaN,NaN,NaN,NaN,NaN,-0.092732645,1.3,0.56,NaN,NaN,NaN,NaN,NaN,NaN
COX4I1,NaN,NaN,NaN,NaN,NaN,NaN,-0.136109484,2.34,0.47,NaN,NaN,NaN,NaN,NaN,NaN
CPSF3,1.594076174,2.1,0.2,NaN,NaN,NaN,NaN,NaN,NaN,NaN,NaN,NaN,NaN,NaN,NaN
CRNKL1,NaN,NaN,NaN,NaN,NaN,NaN,0.148769443,2.19,3.38,NaN,NaN,NaN,NaN,NaN,NaN
CSNK1A1,NaN,NaN,NaN,NaN,NaN,NaN,0.78746973,1.37,0.66,NaN,NaN,NaN,NaN,NaN,NaN
CSNK2A1,-0.430047509,1.44,0.37,NaN,NaN,NaN,NaN,NaN,NaN,NaN,NaN,NaN,NaN,NaN,NaN
CUL2,NaN,NaN,NaN,NaN,NaN,NaN,NaN,NaN,NaN,0.865148065,1.61,3.1,NaN,NaN,NaN
CYC1,NaN,NaN,NaN,NaN,NaN,NaN,0.154295319,3.62,1.11,NaN,NaN,NaN,NaN,NaN,NaN
DAXX,0.343388294,6.4,6.3,NaN,NaN,NaN,NaN,NaN,NaN,NaN,NaN,NaN,NaN,NaN,NaN
DDB1,NaN,NaN,NaN,NaN,NaN,NaN,-0.201900136,1.47,0.6,NaN,NaN,NaN,NaN,NaN,NaN
DDOST,NaN,NaN,NaN,NaN,NaN,NaN,0.327256463,2.09,0.45,NaN,NaN,NaN,NaN,NaN,NaN
DDX18,0.011940887,1.36,2.45,NaN,NaN,NaN,NaN,NaN,NaN,NaN,NaN,NaN,NaN,NaN,NaN
DDX21,0.564378827,2.91,2.68,NaN,NaN,NaN,NaN,NaN,NaN,NaN,NaN,NaN,NaN,NaN,NaN
DDX52,1.055661673,4.18,4.15,NaN,NaN,NaN,NaN,NaN,NaN,NaN,NaN,NaN,NaN,NaN,NaN
DEGS1,NaN,NaN,NaN,NaN,NaN,NaN,0.582938958,1.61,0.34,NaN,NaN,NaN,NaN,NaN,NaN
DHCR7,NaN,NaN,NaN,NaN,NaN,NaN,0.248529274,2.07,0.85,NaN,NaN,NaN,NaN,NaN,NaN
DHDDS,NaN,NaN,NaN,NaN,NaN,NaN,0.160056796,2.27,1.84,NaN,NaN,NaN,NaN,NaN,NaN
DHRS7B,NaN,NaN,NaN,NaN,NaN,NaN,NaN,NaN,NaN,0.96168715,1.48,1.85,NaN,NaN,NaN
DHX36,NaN,NaN,NaN,NaN,NaN,NaN,0.18632629,6.75,3.39,NaN,NaN,NaN,NaN,NaN,NaN
DHX9,NaN,NaN,NaN,NaN,NaN,NaN,0.221457646,3.27,0.79,NaN,NaN,NaN,NaN,NaN,NaN
DKC1,0.465331335,2.57,1.9,NaN,NaN,NaN,NaN,NaN,NaN,NaN,NaN,NaN,0.019884063,2.55,3.01
DNAJC8,0.035270669,4.6,5.01,NaN,NaN,NaN,NaN,NaN,NaN,NaN,NaN,NaN,NaN,NaN,NaN
DNTTIP2,0.354229704,5.99,6.87,NaN,NaN,NaN,NaN,NaN,NaN,NaN,NaN,NaN,NaN,NaN,NaN
DYNC1H1,NaN,NaN,NaN,NaN,NaN,NaN,0.696099161,1.47,0.9,0.201381476,1.61,2.57,NaN,NaN,NaN
EBP,NaN,NaN,NaN,3.777768433,2.18,0.62,NaN,NaN,NaN,NaN,NaN,NaN,NaN,NaN,NaN
ECE1,-0.699932546,1.58,1.96,NaN,NaN,NaN,NaN,NaN,NaN,NaN,NaN,NaN,NaN,NaN,NaN
EHMT1,NaN,NaN,NaN,NaN,NaN,NaN,NaN,NaN,NaN,NaN,NaN,NaN,0.625746679,1.69,2.59
EIF3C,NaN,NaN,NaN,NaN,NaN,NaN,0.179875928,3.04,0.61,NaN,NaN,NaN,NaN,NaN,NaN
EIF4A3,1.066568311,2.05,2.83,NaN,NaN,NaN,NaN,NaN,NaN,NaN,NaN,NaN,NaN,NaN,NaN
EIF4G1,NaN,NaN,NaN,NaN,NaN,NaN,0.386099894,1.87,0.49,NaN,NaN,NaN,NaN,NaN,NaN
EIF4G2,NaN,NaN,NaN,NaN,NaN,NaN,0.337990218,3.51,1.2,NaN,NaN,NaN,NaN,NaN,NaN
ELMOD2,-0.096548398,1.32,0.78,NaN,NaN,NaN,NaN,NaN,NaN,NaN,NaN,NaN,NaN,NaN,NaN
ELMSAN1,-0.014419817,1.83,1.44,NaN,NaN,NaN,NaN,NaN,NaN,NaN,NaN,NaN,NaN,NaN,NaN
ELOVL5,NaN,NaN,NaN,NaN,NaN,NaN,0.300058396,1.53,0.59,NaN,NaN,NaN,NaN,NaN,NaN
EMC1,NaN,NaN,NaN,NaN,NaN,NaN,0.154215437,2.43,1.05,NaN,NaN,NaN,NaN,NaN,NaN
EMSY,-0.032657308,6.26,5.53,-0.248186141,1.32,1.59,NaN,NaN,NaN,NaN,NaN,NaN,NaN,NaN,NaN
EPT1,NaN,NaN,NaN,NaN,NaN,NaN,0.249357643,2.02,0.68,NaN,NaN,NaN,NaN,NaN,NaN
ERCC1,0.873021921,4.53,4.32,NaN,NaN,NaN,NaN,NaN,NaN,NaN,NaN,NaN,NaN,NaN,NaN
ERCC4,0.594258687,2.41,3.57,NaN,NaN,NaN,NaN,NaN,NaN,NaN,NaN,NaN,NaN,NaN,NaN
ERO1L,NaN,NaN,NaN,NaN,NaN,NaN,0.045322473,1.31,0.76,NaN,NaN,NaN,NaN,NaN,NaN
ESF1,0.769857504,3.07,4.17,NaN,NaN,NaN,NaN,NaN,NaN,NaN,NaN,NaN,NaN,NaN,NaN
ETS1,NaN,NaN,NaN,0.45484681,2.4,5.95,NaN,NaN,NaN,NaN,NaN,NaN,0.160683726,3.89,4.54
ETV6,0.196130599,2.67,4.09,0.364629607,4.75,4.04,NaN,NaN,NaN,NaN,NaN,NaN,-0.496512023,1.86,3.32
EXOC6B,NaN,NaN,NaN,NaN,NaN,NaN,0.329302306,1.69,0.54,NaN,NaN,NaN,NaN,NaN,NaN
EXOSC10,0.613241927,6.72,5,NaN,NaN,NaN,NaN,NaN,NaN,NaN,NaN,NaN,NaN,NaN,NaN
EXOSC7,NaN,NaN,NaN,NaN,NaN,NaN,0.035235084,1.81,0.77,NaN,NaN,NaN,NaN,NaN,NaN
EXOSC9,1.023195941,6.32,4.53,NaN,NaN,NaN,NaN,NaN,NaN,NaN,NaN,NaN,NaN,NaN,NaN
FAF2,NaN,NaN,NaN,NaN,NaN,NaN,0.236941322,2.23,0.34,NaN,NaN,NaN,NaN,NaN,NaN
FAM111A,0.838637828,5.67,4.53,NaN,NaN,NaN,NaN,NaN,NaN,NaN,NaN,NaN,NaN,NaN,NaN
FAM162A,NaN,NaN,NaN,NaN,NaN,NaN,-0.356735735,2.52,0.56,NaN,NaN,NaN,NaN,NaN,NaN
FAM178A,0.365721976,1.74,2.1,NaN,NaN,NaN,NaN,NaN,NaN,NaN,NaN,NaN,NaN,NaN,NaN
FAM49B,NaN,NaN,NaN,NaN,NaN,NaN,NaN,NaN,NaN,1.172517448,2.19,0.16,NaN,NaN,NaN
FAP,0.650992431,3.24,3.38,NaN,NaN,NaN,0.006863318,1.59,2.94,NaN,NaN,NaN,NaN,NaN,NaN
FASTKD2,NaN,NaN,NaN,NaN,NaN,NaN,0.505205444,1.33,0.32,NaN,NaN,NaN,NaN,NaN,NaN
FDFT1,NaN,NaN,NaN,NaN,NaN,NaN,0.050951718,1.5,0.4,NaN,NaN,NaN,NaN,NaN,NaN
FDPS,NaN,NaN,NaN,NaN,NaN,NaN,0.336884867,1.39,0.58,NaN,NaN,NaN,NaN,NaN,NaN
FKRP,NaN,NaN,NaN,NaN,NaN,NaN,NaN,NaN,NaN,4.070396408,1.67,0.38,NaN,NaN,NaN
FLNC,NaN,NaN,NaN,NaN,NaN,NaN,-0.102555892,1.56,0.22,NaN,NaN,NaN,NaN,NaN,NaN
FOSL2,1.09030802,5.31,3.27,0.501863833,1.65,2.2,NaN,NaN,NaN,NaN,NaN,NaN,NaN,NaN,NaN
FOXM1,-0.048843927,7.18,6.08,-0.366389819,5.6,3.8,NaN,NaN,NaN,NaN,NaN,NaN,0.117586108,5.59,7.3
FRMD6,0.080829181,2.63,3.04,NaN,NaN,NaN,NaN,NaN,NaN,NaN,NaN,NaN,-0.236185973,1.51,2.45
FTSJ3,1.246929401,2.67,1.04,NaN,NaN,NaN,NaN,NaN,NaN,NaN,NaN,NaN,NaN,NaN,NaN
GALNT7,NaN,NaN,NaN,NaN,NaN,NaN,0.115128871,3.55,0.74,NaN,NaN,NaN,NaN,NaN,NaN
GET4,NaN,NaN,NaN,NaN,NaN,NaN,0.493932821,2,0.6,NaN,NaN,NaN,NaN,NaN,NaN
GJA1,NaN,NaN,NaN,NaN,NaN,NaN,0.280914105,1.36,0.38,NaN,NaN,NaN,NaN,NaN,NaN
GNL3,1.008064184,3.16,4.14,NaN,NaN,NaN,NaN,NaN,NaN,NaN,NaN,NaN,NaN,NaN,NaN
GOSR2,NaN,NaN,NaN,NaN,NaN,NaN,0.330881419,1.48,0.67,0.283816981,2.14,2.44,NaN,NaN,NaN
GPAM,NaN,NaN,NaN,NaN,NaN,NaN,NaN,NaN,NaN,NaN,NaN,NaN,0.547627095,2.2,0.71
GPC1,NaN,NaN,NaN,NaN,NaN,NaN,NaN,NaN,NaN,0.535010306,1.54,0.42,NaN,NaN,NaN
GPC4,0.733632717,1.34,1.92,NaN,NaN,NaN,NaN,NaN,NaN,NaN,NaN,NaN,NaN,NaN,NaN
GRAMD1A,NaN,NaN,NaN,NaN,NaN,NaN,0.86526,1.42,0.22,NaN,NaN,NaN,NaN,NaN,NaN
GTF2I,0.137262217,3.97,9.68,0.283472082,4.84,7.2,0.125665072,2.98,6.42,NaN,NaN,NaN,0.108069869,6.02,9.05
GTF2IRD1,-0.024003969,5.93,7.82,0.281353942,8.03,6.24,-0.129828974,5.04,3.95,NaN,NaN,NaN,0.110325657,6.86,7.03
GTF3C1,NaN,NaN,NaN,NaN,NaN,NaN,0.648950041,1.42,0.71,NaN,NaN,NaN,NaN,NaN,NaN
GTF3C3,NaN,NaN,NaN,NaN,NaN,NaN,0.557287991,1.45,0.24,NaN,NaN,NaN,NaN,NaN,NaN
GTF3C4,NaN,NaN,NaN,NaN,NaN,NaN,0.188070898,4.57,1.05,NaN,NaN,NaN,NaN,NaN,NaN
GTPBP4,-0.601687051,1.68,0.4,NaN,NaN,NaN,NaN,NaN,NaN,NaN,NaN,NaN,NaN,NaN,NaN
GTSE1,0.059478872,3.43,3.62,NaN,NaN,NaN,NaN,NaN,NaN,NaN,NaN,NaN,NaN,NaN,NaN
HACD1,NaN,NaN,NaN,NaN,NaN,NaN,NaN,NaN,NaN,NaN,NaN,NaN,0.598811768,1.79,2.49
HAT1,NaN,NaN,NaN,NaN,NaN,NaN,0.810566493,1.34,0.7,NaN,NaN,NaN,NaN,NaN,NaN
HDAC1,0.548271654,4.11,1.99,0.786451646,2.41,2.38,NaN,NaN,NaN,NaN,NaN,NaN,0.169348013,1.55,3.09
HDAC9,0.33661691,4.08,3.15,NaN,NaN,NaN,NaN,NaN,NaN,NaN,NaN,NaN,NaN,NaN,NaN
HDX,0.352577941,4.14,4.59,NaN,NaN,NaN,NaN,NaN,NaN,NaN,NaN,NaN,NaN,NaN,NaN
HEATR1,-0.38244906,1.41,0.47,NaN,NaN,NaN,NaN,NaN,NaN,NaN,NaN,NaN,NaN,NaN,NaN
HIPK1,-0.007878248,6.39,5.25,-0.007500686,2.01,3.2,NaN,NaN,NaN,NaN,NaN,NaN,0.293210502,4.84,3.93
HIST1H1A,NaN,NaN,NaN,NaN,NaN,NaN,NaN,NaN,NaN,1.767159361,1.51,0.45,NaN,NaN,NaN
HIST1H1C,NaN,NaN,NaN,NaN,NaN,NaN,NaN,NaN,NaN,1.367156191,1.69,0.54,NaN,NaN,NaN
HIST1H1D,NaN,NaN,NaN,NaN,NaN,NaN,NaN,NaN,NaN,1.471417629,1.4,0.54,NaN,NaN,NaN
HIST1H1E,NaN,NaN,NaN,NaN,NaN,NaN,NaN,NaN,NaN,1.471417629,1.4,0.54,NaN,NaN,NaN
"HIST1H2BC,HIST1H2BK,HIST1H2BN,HIST1H2BM,HIST1H2BH,HIST2H2BF,HIST1H2BD,H2BFS",NaN,NaN,NaN,NaN,NaN,NaN,0.085452037,2.65,0.32,NaN,NaN,NaN,NaN,NaN,NaN
HIST1H2BK,NaN,NaN,NaN,NaN,NaN,NaN,0.085452037,2.65,0.32,NaN,NaN,NaN,NaN,NaN,NaN
HIST1H2BN,NaN,NaN,NaN,NaN,NaN,NaN,0.085452037,2.65,0.32,NaN,NaN,NaN,NaN,NaN,NaN
HIST1H2BM,NaN,NaN,NaN,NaN,NaN,NaN,0.085452037,2.65,0.32,NaN,NaN,NaN,NaN,NaN,NaN
HIST1H2BH,NaN,NaN,NaN,NaN,NaN,NaN,0.085452037,2.65,0.32,NaN,NaN,NaN,NaN,NaN,NaN
HIST2H2BF,NaN,NaN,NaN,NaN,NaN,NaN,0.085452037,2.65,0.32,NaN,NaN,NaN,NaN,NaN,NaN
HIST1H2BD,NaN,NaN,NaN,NaN,NaN,NaN,0.085452037,2.65,0.32,NaN,NaN,NaN,NaN,NaN,NaN
H2BFS,NaN,NaN,NaN,NaN,NaN,NaN,0.085452037,2.65,0.32,NaN,NaN,NaN,NaN,NaN,NaN
HJURP,-0.023875283,3.76,4.28,NaN,NaN,NaN,NaN,NaN,NaN,NaN,NaN,NaN,0.228834613,3.78,4.31
HLA-A,NaN,NaN,NaN,1.228827802,1.5,0.75,NaN,NaN,NaN,NaN,NaN,NaN,NaN,NaN,NaN
HMBOX1,0.438594776,5.4,5.96,NaN,NaN,NaN,NaN,NaN,NaN,NaN,NaN,NaN,NaN,NaN,NaN
HMCES,-0.653665747,1.31,2.67,NaN,NaN,NaN,NaN,NaN,NaN,NaN,NaN,NaN,-0.182192563,1.51,3.37
HMG20B,0.004760146,5.25,6.53,0.13108505,5.78,5.5,NaN,NaN,NaN,NaN,NaN,NaN,0.031622834,5.17,6.3
HMOX1,NaN,NaN,NaN,NaN,NaN,NaN,0.194704262,1.52,0.55,NaN,NaN,NaN,NaN,NaN,NaN
HMOX2,NaN,NaN,NaN,NaN,NaN,NaN,0.32869329,1.49,0.28,NaN,NaN,NaN,NaN,NaN,NaN
HNRNPA0,0.429160217,3.43,3.83,NaN,NaN,NaN,NaN,NaN,NaN,NaN,NaN,NaN,NaN,NaN,NaN
HNRNPC,0.790894672,3.64,3.65,NaN,NaN,NaN,0.178012115,1.35,2.18,NaN,NaN,NaN,NaN,NaN,NaN
HNRNPK,NaN,NaN,NaN,NaN,NaN,NaN,0.317747115,1.48,0.59,NaN,NaN,NaN,NaN,NaN,NaN
HNRNPM,0.303095126,3.41,2.41,NaN,NaN,NaN,0.335271812,1.74,0.45,NaN,NaN,NaN,-0.049617751,2.94,4.77
HSD17B12,NaN,NaN,NaN,NaN,NaN,NaN,0.159326504,1.47,0.34,NaN,NaN,NaN,NaN,NaN,NaN
HSF1,0.342827305,4.94,6.66,0.084520207,1.62,3.69,NaN,NaN,NaN,NaN,NaN,NaN,0.111728877,4.75,5.25
HSF2,0.295168811,5.06,5.2,NaN,NaN,NaN,NaN,NaN,NaN,NaN,NaN,NaN,0.392539586,3.84,4.28
HSPA1A,0.245269806,2.98,1.73,1.00206622,1.54,0.82,NaN,NaN,NaN,0.140523279,1.68,2.09,-0.3115503,1.34,1.3
HSPA1B,0.245269806,2.98,1.73,1.00206622,1.54,0.82,NaN,NaN,NaN,0.140523279,1.68,2.09,-0.3115503,1.34,1.3
HSPA6,0.94437614,1.35,2.69,NaN,NaN,NaN,NaN,NaN,NaN,NaN,NaN,NaN,NaN,NaN,NaN
HSPA8,0.398038551,3,1.94,-0.462347963,1.43,1.74,NaN,NaN,NaN,NaN,NaN,NaN,NaN,NaN,NaN
HSPA9,NaN,NaN,NaN,NaN,NaN,NaN,1.095079559,1.48,0.17,NaN,NaN,NaN,NaN,NaN,NaN
HSPB1,NaN,NaN,NaN,NaN,NaN,NaN,NaN,NaN,NaN,NaN,NaN,NaN,-0.061565203,2.45,3.46
IARS2,NaN,NaN,NaN,NaN,NaN,NaN,-0.620192395,2.82,0.32,NaN,NaN,NaN,NaN,NaN,NaN
IFI16,0.102044793,5.16,5.19,NaN,NaN,NaN,NaN,NaN,NaN,NaN,NaN,NaN,0.620996038,7.2,5.09
ILF2,NaN,NaN,NaN,NaN,NaN,NaN,0.501406504,2.66,0.53,NaN,NaN,NaN,NaN,NaN,NaN
IMPAD1,NaN,NaN,NaN,NaN,NaN,NaN,0.526177326,2.73,0.64,NaN,NaN,NaN,NaN,NaN,NaN
INTS12,0.523293023,4.31,4.02,NaN,NaN,NaN,NaN,NaN,NaN,NaN,NaN,NaN,NaN,NaN,NaN
INTS4,NaN,NaN,NaN,0.125269169,1.47,2.81,NaN,NaN,NaN,NaN,NaN,NaN,NaN,NaN,NaN
INTS7,NaN,NaN,NaN,NaN,NaN,NaN,0.730231707,1.68,2.54,NaN,NaN,NaN,NaN,NaN,NaN
IPO7,NaN,NaN,NaN,NaN,NaN,NaN,0.360846278,1.41,0.26,NaN,NaN,NaN,NaN,NaN,NaN
IQGAP1,NaN,NaN,NaN,NaN,NaN,NaN,NaN,NaN,NaN,-0.155065984,1.65,2.19,NaN,NaN,NaN
JMJD1C,NaN,NaN,NaN,NaN,NaN,NaN,NaN,NaN,NaN,1.443913477,1.86,0.63,NaN,NaN,NaN
KAT7,1.33483714,3.59,1.87,NaN,NaN,NaN,NaN,NaN,NaN,NaN,NaN,NaN,NaN,NaN,NaN
KCTD1,0.196527293,6.18,5.14,0.663596844,5.53,4.01,NaN,NaN,NaN,NaN,NaN,NaN,0.056611754,3.49,4.02
KCTD15,0.319220834,4.14,4.63,NaN,NaN,NaN,NaN,NaN,NaN,NaN,NaN,NaN,NaN,NaN,NaN
KDM4A,0.059467227,4.76,2.81,NaN,NaN,NaN,NaN,NaN,NaN,NaN,NaN,NaN,NaN,NaN,NaN
KDM5B,0.076234519,5.17,3.96,NaN,NaN,NaN,NaN,NaN,NaN,NaN,NaN,NaN,0.136177829,1.63,2.76
KIAA1551,0.254665833,3.99,5.01,NaN,NaN,NaN,NaN,NaN,NaN,NaN,NaN,NaN,NaN,NaN,NaN
KIF18A,0.28106023,4.91,3.56,NaN,NaN,NaN,NaN,NaN,NaN,NaN,NaN,NaN,NaN,NaN,NaN
KIF23,-0.085426087,6.77,3.96,NaN,NaN,NaN,NaN,NaN,NaN,NaN,NaN,NaN,NaN,NaN,NaN
KLF5,NaN,NaN,NaN,NaN,NaN,NaN,NaN,NaN,NaN,NaN,NaN,NaN,0.341819772,4.47,4.7
KMT2E,NaN,NaN,NaN,NaN,NaN,NaN,1.338561596,1.46,0.54,NaN,NaN,NaN,NaN,NaN,NaN
KPNA2,NaN,NaN,NaN,NaN,NaN,NaN,0.30395078,3.64,0.83,NaN,NaN,NaN,NaN,NaN,NaN
KPNB1,NaN,NaN,NaN,NaN,NaN,NaN,0.243094045,1.61,0.22,NaN,NaN,NaN,NaN,NaN,NaN
KRTCAP2,NaN,NaN,NaN,NaN,NaN,NaN,1.119759384,1.38,2.02,NaN,NaN,NaN,NaN,NaN,NaN
L3MBTL2,0.159426827,6.6,4.69,NaN,NaN,NaN,NaN,NaN,NaN,NaN,NaN,NaN,0.074307566,4.59,4.56
LAS1L,1.057269198,3.8,3.34,NaN,NaN,NaN,NaN,NaN,NaN,NaN,NaN,NaN,NaN,NaN,NaN
LDLR,NaN,NaN,NaN,NaN,NaN,NaN,NaN,NaN,NaN,0.839543817,1.33,0.49,NaN,NaN,NaN
LIN37,NaN,NaN,NaN,NaN,NaN,NaN,NaN,NaN,NaN,NaN,NaN,NaN,-0.44510547,1.45,1.5
LIN54,-0.797918767,1.97,1.6,NaN,NaN,NaN,NaN,NaN,NaN,NaN,NaN,NaN,NaN,NaN,NaN
LMNB1,1.042907101,2.52,1.48,NaN,NaN,NaN,NaN,NaN,NaN,NaN,NaN,NaN,NaN,NaN,NaN
LNP,NaN,NaN,NaN,NaN,NaN,NaN,0.171427499,1.68,0.43,NaN,NaN,NaN,NaN,NaN,NaN
LRRC42,-0.115941044,5.85,4.34,NaN,NaN,NaN,NaN,NaN,NaN,NaN,NaN,NaN,0.238973694,4.02,4.85
LSS,NaN,NaN,NaN,NaN,NaN,NaN,0.025817016,1.66,0.39,NaN,NaN,NaN,NaN,NaN,NaN
MAFG,-0.322453424,1.33,2.98,NaN,NaN,NaN,NaN,NaN,NaN,NaN,NaN,NaN,NaN,NaN,NaN
MAGEA4,NaN,NaN,NaN,NaN,NaN,NaN,0.848865113,1.76,2.3,NaN,NaN,NaN,NaN,NaN,NaN
MAGED1,NaN,NaN,NaN,NaN,NaN,NaN,0.525431636,4.56,3.42,NaN,NaN,NaN,NaN,NaN,NaN
MAGED2,NaN,NaN,NaN,NaN,NaN,NaN,0.446603224,1.76,0.93,NaN,NaN,NaN,NaN,NaN,NaN
MARS,NaN,NaN,NaN,NaN,NaN,NaN,0.331522056,2.29,0.64,NaN,NaN,NaN,NaN,NaN,NaN
MAU2,-0.123440212,1.62,2.63,NaN,NaN,NaN,NaN,NaN,NaN,NaN,NaN,NaN,NaN,NaN,NaN
MAZ,NaN,NaN,NaN,NaN,NaN,NaN,-0.032191837,1.31,2.77,NaN,NaN,NaN,NaN,NaN,NaN
MBD1,0.191857134,6.59,4.6,0.768347958,3.97,3.48,-0.134791506,3.09,2.59,NaN,NaN,NaN,0.224477912,4.73,4.39
MCM10,-0.102710172,6,5.03,NaN,NaN,NaN,NaN,NaN,NaN,NaN,NaN,NaN,NaN,NaN,NaN
MCU,NaN,NaN,NaN,NaN,NaN,NaN,-0.137116975,2.62,0.74,NaN,NaN,NaN,NaN,NaN,NaN
MDH2,NaN,NaN,NaN,NaN,NaN,NaN,NaN,NaN,NaN,NaN,NaN,NaN,0.387325835,1.46,2.43
MED12,NaN,NaN,NaN,NaN,NaN,NaN,NaN,NaN,NaN,1.516274142,2.16,0.21,NaN,NaN,NaN
MED6,1.114398475,3.3,2.33,NaN,NaN,NaN,NaN,NaN,NaN,NaN,NaN,NaN,NaN,NaN,NaN
MEF2D,1.058485825,4.78,3.57,NaN,NaN,NaN,NaN,NaN,NaN,NaN,NaN,NaN,NaN,NaN,NaN
MFN2,NaN,NaN,NaN,NaN,NaN,NaN,0.313981169,1.36,0.31,NaN,NaN,NaN,NaN,NaN,NaN
MGA,0.216243587,6.86,6.95,NaN,NaN,NaN,NaN,NaN,NaN,NaN,NaN,NaN,0.150422111,4.24,5.05
MGAT2,NaN,NaN,NaN,NaN,NaN,NaN,0.323397064,2.02,0.43,NaN,NaN,NaN,NaN,NaN,NaN
MIS18BP1,-0.077777072,5.81,7.04,NaN,NaN,NaN,NaN,NaN,NaN,NaN,NaN,NaN,0.344413614,5.62,5.37
MKI67,-0.277878129,1.63,0.68,NaN,NaN,NaN,NaN,NaN,NaN,NaN,NaN,NaN,0.041027565,1.44,1.9
MORC2,-0.034981752,1.71,3.74,NaN,NaN,NaN,NaN,NaN,NaN,NaN,NaN,NaN,NaN,NaN,NaN
MORC3,0.05453194,7.24,8.27,0.09549096,5.49,5.58,-0.03123471,4.2,4.63,NaN,NaN,NaN,0.066228123,7.72,7.48
MPHOSPH10,1.092767958,6.06,5.96,NaN,NaN,NaN,NaN,NaN,NaN,NaN,NaN,NaN,NaN,NaN,NaN
MRPS27,NaN,NaN,NaN,NaN,NaN,NaN,0.191894777,1.68,0.78,NaN,NaN,NaN,NaN,NaN,NaN
MSANTD4,0.152363109,6.48,8.29,NaN,NaN,NaN,NaN,NaN,NaN,NaN,NaN,NaN,1.095516765,4.71,6.4
MSH6,0.251570774,3.78,4.55,NaN,NaN,NaN,NaN,NaN,NaN,NaN,NaN,NaN,NaN,NaN,NaN
MSMO1,NaN,NaN,NaN,-0.00196833,1.57,2.66,NaN,NaN,NaN,NaN,NaN,NaN,NaN,NaN,NaN
MTUS1,0.163840903,6.04,4.79,NaN,NaN,NaN,NaN,NaN,NaN,NaN,NaN,NaN,NaN,NaN,NaN
MTX1,NaN,NaN,NaN,NaN,NaN,NaN,0.355560177,2.35,0.51,NaN,NaN,NaN,NaN,NaN,NaN
MYBL2,-0.431426085,1.71,3.68,0.656784014,1.83,3,NaN,NaN,NaN,NaN,NaN,NaN,0.224311852,3.84,5.62
MYC,-0.104493859,5.77,4.77,NaN,NaN,NaN,NaN,NaN,NaN,NaN,NaN,NaN,NaN,NaN,NaN
MYO19,NaN,NaN,NaN,0.518955114,1.84,3.1,NaN,NaN,NaN,NaN,NaN,NaN,NaN,NaN,NaN
MYO1B,NaN,NaN,NaN,NaN,NaN,NaN,NaN,NaN,NaN,0.33618025,1.73,0.27,NaN,NaN,NaN
NAB1,0.17023685,5.96,7.43,-0.015190134,1.35,1.34,NaN,NaN,NaN,NaN,NaN,NaN,0.123359876,3.41,3.89
NAB2,0.089590308,6.82,6.54,-0.231290623,3.48,4.02,NaN,NaN,NaN,NaN,NaN,NaN,0.11276647,4.96,5.73
NAP1L3,0.430030045,5.11,4.04,NaN,NaN,NaN,NaN,NaN,NaN,NaN,NaN,NaN,NaN,NaN,NaN
NAT10,NaN,NaN,NaN,NaN,NaN,NaN,-0.017025588,2.24,0.36,NaN,NaN,NaN,NaN,NaN,NaN
NAT14,0.608190611,1.46,3.08,NaN,NaN,NaN,NaN,NaN,NaN,NaN,NaN,NaN,NaN,NaN,NaN
NCBP1,NaN,NaN,NaN,NaN,NaN,NaN,NaN,NaN,NaN,1.025085471,1.39,0.22,NaN,NaN,NaN
NCLN,NaN,NaN,NaN,NaN,NaN,NaN,-0.06931036,1.34,0.25,NaN,NaN,NaN,NaN,NaN,NaN
NDUFC2,NaN,NaN,NaN,NaN,NaN,NaN,0.034243689,2.81,0.87,NaN,NaN,NaN,NaN,NaN,NaN
NELFCD,NaN,NaN,NaN,NaN,NaN,NaN,0.44051563,1.56,0.35,NaN,NaN,NaN,NaN,NaN,NaN
NFIX,1.596400288,1.51,2.65,NaN,NaN,NaN,NaN,NaN,NaN,1.409370708,1.7,0.36,NaN,NaN,NaN
NFRKB,0.30833983,3.67,3.53,NaN,NaN,NaN,NaN,NaN,NaN,NaN,NaN,NaN,0.804907328,3.68,4.2
NHP2,0.829952137,3.91,4.52,NaN,NaN,NaN,NaN,NaN,NaN,NaN,NaN,NaN,NaN,NaN,NaN
NIFK,0.493758313,6.09,7.69,NaN,NaN,NaN,NaN,NaN,NaN,NaN,NaN,NaN,NaN,NaN,NaN
NLRX1,NaN,NaN,NaN,NaN,NaN,NaN,1.406690652,1.74,1.62,NaN,NaN,NaN,NaN,NaN,NaN
NOC3L,NaN,NaN,NaN,NaN,NaN,NaN,-0.355321349,2.42,0.43,NaN,NaN,NaN,NaN,NaN,NaN
NOC4L,NaN,NaN,NaN,NaN,NaN,NaN,0.27736328,2.2,0.28,NaN,NaN,NaN,NaN,NaN,NaN
NOL10,1.159144827,3.37,3.19,NaN,NaN,NaN,NaN,NaN,NaN,NaN,NaN,NaN,NaN,NaN,NaN
NOLC1,1.40203395,1.81,2.99,NaN,NaN,NaN,NaN,NaN,NaN,NaN,NaN,NaN,NaN,NaN,NaN
NOP2,0.832489289,4.29,3.04,NaN,NaN,NaN,NaN,NaN,NaN,NaN,NaN,NaN,NaN,NaN,NaN
NOP56,0.185671045,1.5,0.8,NaN,NaN,NaN,NaN,NaN,NaN,NaN,NaN,NaN,NaN,NaN,NaN
NOP58,0.414851971,4.52,7.03,0.759977946,2.19,1.02,NaN,NaN,NaN,NaN,NaN,NaN,0.157157082,2.86,3.6
NOP9,NaN,NaN,NaN,NaN,NaN,NaN,-0.592608811,2.95,0.24,NaN,NaN,NaN,NaN,NaN,NaN
NPAT,0.21835908,6.19,8.16,NaN,NaN,NaN,NaN,NaN,NaN,NaN,NaN,NaN,0.260946988,5.51,5.71
NPC1,NaN,NaN,NaN,0.92679949,1.56,1.86,NaN,NaN,NaN,NaN,NaN,NaN,NaN,NaN,NaN
NPEPPS,NaN,NaN,NaN,NaN,NaN,NaN,0.451440298,2.91,1.06,NaN,NaN,NaN,NaN,NaN,NaN
NPEPPSL1,NaN,NaN,NaN,NaN,NaN,NaN,0.451440298,2.91,1.06,NaN,NaN,NaN,NaN,NaN,NaN
NPM1,1.059143232,2.8,1.89,NaN,NaN,NaN,NaN,NaN,NaN,NaN,NaN,NaN,NaN,NaN,NaN
NR3C1,NaN,NaN,NaN,NaN,NaN,NaN,NaN,NaN,NaN,NaN,NaN,NaN,0.150616475,1.53,2.44
NRIP1,-0.004282129,4.73,3.24,0.048859942,1.63,1.95,NaN,NaN,NaN,NaN,NaN,NaN,-0.071674992,1.36,2.71
NTM,NaN,NaN,NaN,NaN,NaN,NaN,0.736546227,1.58,1.4,NaN,NaN,NaN,NaN,NaN,NaN
NUP133,NaN,NaN,NaN,NaN,NaN,NaN,NaN,NaN,NaN,NaN,NaN,NaN,0.111410703,1.49,2.81
NUP155,NaN,NaN,NaN,NaN,NaN,NaN,0.061138023,2.57,0.36,NaN,NaN,NaN,NaN,NaN,NaN
NUP98,NaN,NaN,NaN,NaN,NaN,NaN,-0.0936161,1.89,0.92,NaN,NaN,NaN,NaN,NaN,NaN
ORC4,1.12344316,1.89,2.25,NaN,NaN,NaN,NaN,NaN,NaN,NaN,NaN,NaN,NaN,NaN,NaN
ORC5,NaN,NaN,NaN,NaN,NaN,NaN,1.240464836,1.62,0.6,NaN,NaN,NaN,NaN,NaN,NaN
OSBPL3,1.024915243,1.94,1.88,NaN,NaN,NaN,NaN,NaN,NaN,NaN,NaN,NaN,NaN,NaN,NaN
PAPD5,0.567976341,2.96,0.87,NaN,NaN,NaN,-0.057165667,1.76,0.85,NaN,NaN,NaN,1.318876028,1.59,0.68
PARL,NaN,NaN,NaN,NaN,NaN,NaN,NaN,NaN,NaN,0.899767543,1.44,0.39,NaN,NaN,NaN
PARP1,0.315515305,3.24,3.05,-0.331204761,1.97,2.5,NaN,NaN,NaN,NaN,NaN,NaN,-0.24382716,1.83,2.1
PDCD11,0.505193937,3.74,2.21,NaN,NaN,NaN,NaN,NaN,NaN,NaN,NaN,NaN,NaN,NaN,NaN
PDS5A,NaN,NaN,NaN,NaN,NaN,NaN,NaN,NaN,NaN,0.865512117,1.64,0.15,NaN,NaN,NaN
PES1,NaN,NaN,NaN,NaN,NaN,NaN,-0.03532118,3.5,0.5,NaN,NaN,NaN,NaN,NaN,NaN
PGD,NaN,NaN,NaN,NaN,NaN,NaN,1.206796927,1.74,0.89,NaN,NaN,NaN,NaN,NaN,NaN
PGRMC1,NaN,NaN,NaN,NaN,NaN,NaN,0.287310959,1.99,0.34,NaN,NaN,NaN,NaN,NaN,NaN
PHF21A,-0.237285127,4.55,3.79,NaN,NaN,NaN,NaN,NaN,NaN,NaN,NaN,NaN,NaN,NaN,NaN
PHF6,NaN,NaN,NaN,NaN,NaN,NaN,NaN,NaN,NaN,0.210881448,1.35,0.43,NaN,NaN,NaN
PIAS1,0.025865741,5.69,7.96,NaN,NaN,NaN,-0.146681953,2.68,3.29,NaN,NaN,NaN,-0.250826534,5.35,5.13
PIAS2,0.023391652,5.71,7.37,NaN,NaN,NaN,NaN,NaN,NaN,NaN,NaN,NaN,-0.047986802,4.17,5.5
PIAS3,0.001452119,5.06,6.62,-0.062265226,4.38,5.11,NaN,NaN,NaN,NaN,NaN,NaN,0.061480027,5.53,6.06
PIAS4,-0.069119161,2.01,3.74,NaN,NaN,NaN,NaN,NaN,NaN,NaN,NaN,NaN,NaN,NaN,NaN
PIGS,NaN,NaN,NaN,NaN,NaN,NaN,0.373301255,1.54,0.48,NaN,NaN,NaN,NaN,NaN,NaN
PLGRKT,NaN,NaN,NaN,NaN,NaN,NaN,-0.389548711,1.35,0.45,NaN,NaN,NaN,NaN,NaN,NaN
PML,0.069643188,6.36,10.76,0.020846941,5.81,8,-0.062884305,6.63,5.76,NaN,NaN,NaN,0.058423452,5.29,8.11
PMPCA,0.519910629,2.42,3.89,NaN,NaN,NaN,NaN,NaN,NaN,NaN,NaN,NaN,NaN,NaN,NaN
PNN,0.574655975,4.65,3.41,NaN,NaN,NaN,NaN,NaN,NaN,NaN,NaN,NaN,NaN,NaN,NaN
PNPLA6,NaN,NaN,NaN,NaN,NaN,NaN,0.211253967,2.14,2.13,NaN,NaN,NaN,NaN,NaN,NaN
POLR1B,NaN,NaN,NaN,NaN,NaN,NaN,0.221544661,1.69,1.15,NaN,NaN,NaN,NaN,NaN,NaN
POLR1E,NaN,NaN,NaN,NaN,NaN,NaN,0.090084697,1.33,2.26,NaN,NaN,NaN,0.195766767,2.26,2.16
POLR2A,1.321023195,1.31,1.67,NaN,NaN,NaN,NaN,NaN,NaN,NaN,NaN,NaN,NaN,NaN,NaN
POLR3D,-0.00932962,5.01,5.22,NaN,NaN,NaN,NaN,NaN,NaN,NaN,NaN,NaN,0.03611634,4.29,4.78
PPP2R4,NaN,NaN,NaN,NaN,NaN,NaN,0.331118013,1.91,1.53,NaN,NaN,NaN,NaN,NaN,NaN
PPP2R5C,NaN,NaN,NaN,NaN,NaN,NaN,0.061051617,1.35,2.72,NaN,NaN,NaN,NaN,NaN,NaN
PPP2R5D,NaN,NaN,NaN,NaN,NaN,NaN,0.435881669,1.4,0.49,NaN,NaN,NaN,NaN,NaN,NaN
PPP3CA,NaN,NaN,NaN,NaN,NaN,NaN,0.163016489,1.4,2.83,NaN,NaN,NaN,NaN,NaN,NaN
PRCP,NaN,NaN,NaN,NaN,NaN,NaN,-0.051974117,2.03,0.8,NaN,NaN,NaN,NaN,NaN,NaN
PRDX1,0.305300748,1.78,0.96,NaN,NaN,NaN,NaN,NaN,NaN,NaN,NaN,NaN,NaN,NaN,NaN
PRICKLE3,NaN,NaN,NaN,NaN,NaN,NaN,1.514807187,1.51,0.18,NaN,NaN,NaN,NaN,NaN,NaN
PRKACA,NaN,NaN,NaN,NaN,NaN,NaN,0.264705319,3.85,0.42,NaN,NaN,NaN,NaN,NaN,NaN
PRKDC,NaN,NaN,NaN,NaN,NaN,NaN,NaN,NaN,NaN,0.926291852,1.42,0.14,NaN,NaN,NaN
PRPF38B,NaN,NaN,NaN,NaN,NaN,NaN,-0.990635734,2.07,0.33,NaN,NaN,NaN,NaN,NaN,NaN
PSMD1,NaN,NaN,NaN,NaN,NaN,NaN,0.387935887,2.81,0.67,NaN,NaN,NaN,NaN,NaN,NaN
PSMD13,-0.222861683,1.33,2.4,NaN,NaN,NaN,0.677433351,1.71,0.45,NaN,NaN,NaN,NaN,NaN,NaN
PSMD3,NaN,NaN,NaN,NaN,NaN,NaN,0.451802316,5.13,1.38,NaN,NaN,NaN,NaN,NaN,NaN
PSMD6,NaN,NaN,NaN,NaN,NaN,NaN,0.420532387,3.75,0.83,1.390650053,2.56,0.23,NaN,NaN,NaN
PTCD3,NaN,NaN,NaN,NaN,NaN,NaN,0.068370881,1.61,3.36,NaN,NaN,NaN,NaN,NaN,NaN
PTPRA,NaN,NaN,NaN,NaN,NaN,NaN,0.39860212,1.57,0.37,NaN,NaN,NaN,NaN,NaN,NaN
PTPRG,NaN,NaN,NaN,NaN,NaN,NaN,0.822419898,1.65,2.16,NaN,NaN,NaN,NaN,NaN,NaN
PTRF,0.035961992,3.78,4.37,NaN,NaN,NaN,NaN,NaN,NaN,NaN,NaN,NaN,NaN,NaN,NaN
PTRH2,-0.142234257,1.92,0.56,NaN,NaN,NaN,NaN,NaN,NaN,NaN,NaN,NaN,NaN,NaN,NaN
PUF60,0.324788032,3.5,4.36,NaN,NaN,NaN,NaN,NaN,NaN,NaN,NaN,NaN,NaN,NaN,NaN
PWP2,NaN,NaN,NaN,NaN,NaN,NaN,0.188931798,1.62,0.35,NaN,NaN,NaN,NaN,NaN,NaN
QARS,NaN,NaN,NaN,NaN,NaN,NaN,0.481876125,2.06,0.36,NaN,NaN,NaN,NaN,NaN,NaN
QPCTL,NaN,NaN,NaN,NaN,NaN,NaN,0.128540535,1.36,1.92,NaN,NaN,NaN,NaN,NaN,NaN
RAB13,NaN,NaN,NaN,NaN,NaN,NaN,0.245953855,2.53,0.6,NaN,NaN,NaN,NaN,NaN,NaN
RAB14,NaN,NaN,NaN,NaN,NaN,NaN,NaN,NaN,NaN,0.901428901,2.95,0.23,NaN,NaN,NaN
RAB2A,NaN,NaN,NaN,NaN,NaN,NaN,0.000615173,1.37,0.3,NaN,NaN,NaN,NaN,NaN,NaN
RAB32,NaN,NaN,NaN,NaN,NaN,NaN,0.004158346,2.08,1.13,NaN,NaN,NaN,NaN,NaN,NaN
RAB35,NaN,NaN,NaN,NaN,NaN,NaN,-0.258919649,1.46,0.5,NaN,NaN,NaN,NaN,NaN,NaN
RAB6A,NaN,NaN,NaN,NaN,NaN,NaN,NaN,NaN,NaN,1.175792907,1.9,0.24,NaN,NaN,NaN
RAB8A,NaN,NaN,NaN,NaN,NaN,NaN,0.020853287,5.21,0.57,NaN,NaN,NaN,NaN,NaN,NaN
RAB8B,NaN,NaN,NaN,NaN,NaN,NaN,0.248968854,1.54,0.46,NaN,NaN,NaN,NaN,NaN,NaN
RAC1,NaN,NaN,NaN,NaN,NaN,NaN,0.363230517,3.01,0.67,NaN,NaN,NaN,NaN,NaN,NaN
RAC2,NaN,NaN,NaN,NaN,NaN,NaN,0.363230517,3.01,0.67,NaN,NaN,NaN,NaN,NaN,NaN
RAD18,0.11169842,6.28,8.8,NaN,NaN,NaN,NaN,NaN,NaN,NaN,NaN,NaN,0.271835706,2.61,3.85
RAD54L2,0.15864884,5.59,5.62,NaN,NaN,NaN,NaN,NaN,NaN,NaN,NaN,NaN,NaN,NaN,NaN
RANGAP1,0.139038881,3.84,10.31,-0.162387955,6.2,6.12,-0.233728501,4.75,5.56,-0.193076155,3.69,5.33,0.01876865,6.24,11.02
RBBP6,1.551932254,1.65,2.17,NaN,NaN,NaN,NaN,NaN,NaN,NaN,NaN,NaN,NaN,NaN,NaN
RBBP8,0.055279224,4.58,3.96,NaN,NaN,NaN,NaN,NaN,NaN,NaN,NaN,NaN,NaN,NaN,NaN
RBM25,0.891058553,5.19,7.62,NaN,NaN,NaN,NaN,NaN,NaN,NaN,NaN,NaN,NaN,NaN,NaN
RBM28,0.879743381,4.98,3.64,NaN,NaN,NaN,NaN,NaN,NaN,NaN,NaN,NaN,NaN,NaN,NaN
REEP3,NaN,NaN,NaN,NaN,NaN,NaN,NaN,NaN,NaN,0.933070449,1.93,0.32,NaN,NaN,NaN
REEP5,NaN,NaN,NaN,NaN,NaN,NaN,-0.285353817,1.49,0.33,NaN,NaN,NaN,NaN,NaN,NaN
RFC2,NaN,NaN,NaN,NaN,NaN,NaN,0.529801798,5.17,3.12,NaN,NaN,NaN,NaN,NaN,NaN
RHBDD1,NaN,NaN,NaN,NaN,NaN,NaN,NaN,NaN,NaN,0.396627143,1.62,2.23,NaN,NaN,NaN
RHOT2,NaN,NaN,NaN,NaN,NaN,NaN,0.029870197,2.98,0.7,NaN,NaN,NaN,NaN,NaN,NaN
RNF168,0.621671501,4.07,3.41,NaN,NaN,NaN,NaN,NaN,NaN,NaN,NaN,NaN,NaN,NaN,NaN
RNF216,0.038872449,7.33,8.73,-0.019129327,4.43,4.09,NaN,NaN,NaN,NaN,NaN,NaN,0.150017824,6.11,6.27
RNF219,0.334682091,3.5,3.45,NaN,NaN,NaN,NaN,NaN,NaN,NaN,NaN,NaN,NaN,NaN,NaN
RPL10,NaN,NaN,NaN,NaN,NaN,NaN,NaN,NaN,NaN,NaN,NaN,NaN,-0.193724264,3.71,4.03
RPL10A,NaN,NaN,NaN,NaN,NaN,NaN,0.147349042,3.86,0.69,NaN,NaN,NaN,NaN,NaN,NaN
RPL13,1.437515403,2.08,0.58,NaN,NaN,NaN,NaN,NaN,NaN,NaN,NaN,NaN,NaN,NaN,NaN
RPL14,0.375193173,2.02,2.33,NaN,NaN,NaN,NaN,NaN,NaN,NaN,NaN,NaN,NaN,NaN,NaN
RPL27A,NaN,NaN,NaN,NaN,NaN,NaN,NaN,NaN,NaN,0.610073004,1.44,0.39,NaN,NaN,NaN
RPL4,1.035499293,1.78,0.58,NaN,NaN,NaN,NaN,NaN,NaN,NaN,NaN,NaN,NaN,NaN,NaN
RPL5,0.730356753,2.29,1.42,NaN,NaN,NaN,NaN,NaN,NaN,NaN,NaN,NaN,NaN,NaN,NaN
RPL6,1.16931162,1.82,0.75,NaN,NaN,NaN,NaN,NaN,NaN,NaN,NaN,NaN,NaN,NaN,NaN
RPL7A,0.485749696,1.74,3.72,NaN,NaN,NaN,NaN,NaN,NaN,NaN,NaN,NaN,NaN,NaN,NaN
RPS14,-0.001572759,3.95,3.74,NaN,NaN,NaN,NaN,NaN,NaN,NaN,NaN,NaN,0.800074988,3.74,3.05
RPS16,NaN,NaN,NaN,NaN,NaN,NaN,NaN,NaN,NaN,NaN,NaN,NaN,0.368787466,2.95,2.77
RPS17,-0.210705881,1.69,3.34,NaN,NaN,NaN,NaN,NaN,NaN,NaN,NaN,NaN,NaN,NaN,NaN
RQCD1,NaN,NaN,NaN,NaN,NaN,NaN,0.166325576,1.64,2.06,NaN,NaN,NaN,NaN,NaN,NaN
RRAS,NaN,NaN,NaN,NaN,NaN,NaN,-0.084571704,1.82,0.5,NaN,NaN,NaN,NaN,NaN,NaN
RRP1,NaN,NaN,NaN,NaN,NaN,NaN,-0.681732191,2.16,0.3,NaN,NaN,NaN,NaN,NaN,NaN
RRP15,1.016994667,4.81,4.8,NaN,NaN,NaN,NaN,NaN,NaN,NaN,NaN,NaN,NaN,NaN,NaN
RRP1B,NaN,NaN,NaN,NaN,NaN,NaN,-0.083807728,2.54,0.85,NaN,NaN,NaN,NaN,NaN,NaN
RRS1,0.91733474,4.74,4.83,NaN,NaN,NaN,NaN,NaN,NaN,NaN,NaN,NaN,NaN,NaN,NaN
RSF1,0.588973014,4.83,3.2,NaN,NaN,NaN,NaN,NaN,NaN,NaN,NaN,NaN,NaN,NaN,NaN
RSL1D1,0.815333568,4.02,3.53,NaN,NaN,NaN,NaN,NaN,NaN,NaN,NaN,NaN,NaN,NaN,NaN
RTN3,NaN,NaN,NaN,NaN,NaN,NaN,-0.472103911,1.37,0.52,NaN,NaN,NaN,NaN,NaN,NaN
S100A10,NaN,NaN,NaN,NaN,NaN,NaN,1.751519762,1.34,0.22,NaN,NaN,NaN,NaN,NaN,NaN
S100A9,NaN,NaN,NaN,NaN,NaN,NaN,-0.549947879,3.01,0.74,NaN,NaN,NaN,NaN,NaN,NaN
SAP130,0.391153774,3.97,3.97,NaN,NaN,NaN,NaN,NaN,NaN,NaN,NaN,NaN,NaN,NaN,NaN
SART1,0.212373604,5.31,6.12,NaN,NaN,NaN,NaN,NaN,NaN,NaN,NaN,NaN,-0.046619192,3.47,4.29
SEC61A1,-1.005325872,1.63,0.79,NaN,NaN,NaN,0.314891641,2.53,0.92,NaN,NaN,NaN,NaN,NaN,NaN
SELK,NaN,NaN,NaN,1.11772122,1.34,0.63,NaN,NaN,NaN,NaN,NaN,NaN,NaN,NaN,NaN
SENP6,0.100641942,3.05,3.44,NaN,NaN,NaN,NaN,NaN,NaN,NaN,NaN,NaN,NaN,NaN,NaN
SETDB1,0.056899553,5.87,2.79,NaN,NaN,NaN,NaN,NaN,NaN,NaN,NaN,NaN,NaN,NaN,NaN
SETX,0.042637514,4.67,7.47,0.154896293,2.61,3.46,NaN,NaN,NaN,NaN,NaN,NaN,0.197615172,3.34,4.55
SF3B1,NaN,NaN,NaN,NaN,NaN,NaN,0.04095655,1.51,0.33,NaN,NaN,NaN,NaN,NaN,NaN
SF3B2,1.221249912,2.09,2.83,NaN,NaN,NaN,NaN,NaN,NaN,NaN,NaN,NaN,NaN,NaN,NaN
SF3B4,NaN,NaN,NaN,NaN,NaN,NaN,0.469482108,1.38,0.41,NaN,NaN,NaN,NaN,NaN,NaN
SFT2D3,NaN,NaN,NaN,0.295058769,1.65,2.97,NaN,NaN,NaN,NaN,NaN,NaN,NaN,NaN,NaN
SFXN1,NaN,NaN,NaN,NaN,NaN,NaN,0.165552163,4.25,0.5,NaN,NaN,NaN,NaN,NaN,NaN
SFXN3,NaN,NaN,NaN,NaN,NaN,NaN,NaN,NaN,NaN,NaN,NaN,NaN,0.141638277,1.41,1.84
SKIL,-0.019186629,5.66,4.69,1.140298474,3.73,3.99,NaN,NaN,NaN,NaN,NaN,NaN,0.499232063,2.02,4.06
SLC1A4,NaN,NaN,NaN,NaN,NaN,NaN,0.266123385,2.27,0.97,NaN,NaN,NaN,NaN,NaN,NaN
SLC25A1,NaN,NaN,NaN,NaN,NaN,NaN,-0.084001818,1.49,2.88,NaN,NaN,NaN,NaN,NaN,NaN
SLC25A17,NaN,NaN,NaN,NaN,NaN,NaN,0.20464311,1.92,3.09,NaN,NaN,NaN,NaN,NaN,NaN
SLC25A3,NaN,NaN,NaN,NaN,NaN,NaN,NaN,NaN,NaN,NaN,NaN,NaN,1.350498056,2.47,0.28
SLC25A4,NaN,NaN,NaN,NaN,NaN,NaN,0.290807942,1.69,3.72,NaN,NaN,NaN,NaN,NaN,NaN
SLC25A5,NaN,NaN,NaN,NaN,NaN,NaN,-0.036825977,3.65,0.69,NaN,NaN,NaN,NaN,NaN,NaN
SLC25A6,NaN,NaN,NaN,NaN,NaN,NaN,0.26410385,4.02,0.66,NaN,NaN,NaN,NaN,NaN,NaN
SLC30A5,NaN,NaN,NaN,NaN,NaN,NaN,0.335615924,1.37,2.73,NaN,NaN,NaN,NaN,NaN,NaN
SLC30A6,NaN,NaN,NaN,NaN,NaN,NaN,6.600412533,2.02,0.48,NaN,NaN,NaN,NaN,NaN,NaN
SLC30A7,NaN,NaN,NaN,NaN,NaN,NaN,0.042874983,1.81,0.61,NaN,NaN,NaN,NaN,NaN,NaN
SLC39A14,NaN,NaN,NaN,NaN,NaN,NaN,0.017804896,5.75,3.96,NaN,NaN,NaN,NaN,NaN,NaN
SLC39A6,NaN,NaN,NaN,NaN,NaN,NaN,-0.316211222,3.15,0.21,NaN,NaN,NaN,NaN,NaN,NaN
SLX4,0.074395615,5.93,8.43,0.492867989,3.99,3.97,NaN,NaN,NaN,NaN,NaN,NaN,0.298325391,5.86,6.81
SLX4IP,0.215713793,5.84,6.35,NaN,NaN,NaN,NaN,NaN,NaN,NaN,NaN,NaN,0.623638433,3.54,4.9
SMARCA1,NaN,NaN,NaN,NaN,NaN,NaN,0.312614176,1.9,2.49,NaN,NaN,NaN,NaN,NaN,NaN
SMARCAD1,0.067699387,6.73,5.98,NaN,NaN,NaN,NaN,NaN,NaN,NaN,NaN,NaN,NaN,NaN,NaN
SMC5,0.126822831,6.37,4.29,NaN,NaN,NaN,NaN,NaN,NaN,NaN,NaN,NaN,NaN,NaN,NaN
SMEK1,NaN,NaN,NaN,NaN,NaN,NaN,0.769502638,1.46,0.39,NaN,NaN,NaN,NaN,NaN,NaN
SMPD4,NaN,NaN,NaN,NaN,NaN,NaN,NaN,NaN,NaN,NaN,NaN,NaN,0.766074287,1.57,0.29
SMTN,0.321087767,2.26,2.08,NaN,NaN,NaN,NaN,NaN,NaN,NaN,NaN,NaN,NaN,NaN,NaN
SNIP1,0.442032601,3.35,2,NaN,NaN,NaN,NaN,NaN,NaN,NaN,NaN,NaN,0.071385635,2.15,3.62
SNRNP200,NaN,NaN,NaN,NaN,NaN,NaN,0.283793625,3.41,0.31,NaN,NaN,NaN,NaN,NaN,NaN
SOAT1,NaN,NaN,NaN,NaN,NaN,NaN,0.231369111,1.79,0.86,NaN,NaN,NaN,NaN,NaN,NaN
SP100,0.065206353,5.96,10.45,0.214382176,3.06,3.82,0.457505889,3.78,3.74,NaN,NaN,NaN,0.162057478,4.4,6.81
SP3,NaN,NaN,NaN,NaN,NaN,NaN,NaN,NaN,NaN,NaN,NaN,NaN,0.504395474,1.64,1.98
SPRTN,0.018871289,5.51,6.41,NaN,NaN,NaN,NaN,NaN,NaN,NaN,NaN,NaN,-0.088104215,4.83,4.17
SPTBN1,NaN,NaN,NaN,NaN,NaN,NaN,0.141619661,1.97,0.19,NaN,NaN,NaN,NaN,NaN,NaN
SPTLC2,1.585473764,1.81,0.58,NaN,NaN,NaN,NaN,NaN,NaN,NaN,NaN,NaN,NaN,NaN,NaN
SRPR,NaN,NaN,NaN,NaN,NaN,NaN,0.072960124,2.66,0.7,NaN,NaN,NaN,NaN,NaN,NaN
SSR1,NaN,NaN,NaN,NaN,NaN,NaN,0.151491413,4.52,0.96,NaN,NaN,NaN,NaN,NaN,NaN
SSR4,NaN,NaN,NaN,NaN,NaN,NaN,0.701617676,3.18,0.78,1.714836778,1.39,0.26,NaN,NaN,NaN
SSRP1,-0.085572453,1.5,2.97,NaN,NaN,NaN,NaN,NaN,NaN,NaN,NaN,NaN,NaN,NaN,NaN
STAG1,NaN,NaN,NaN,NaN,NaN,NaN,0.176307401,1.72,0.51,NaN,NaN,NaN,NaN,NaN,NaN
STAG2,NaN,NaN,NaN,NaN,NaN,NaN,0.658656825,2.08,0.43,NaN,NaN,NaN,NaN,NaN,NaN
STT3A,NaN,NaN,NaN,NaN,NaN,NaN,-0.289173251,2.86,0.78,NaN,NaN,NaN,NaN,NaN,NaN
STT3B,NaN,NaN,NaN,NaN,NaN,NaN,-0.207502708,3.29,0.44,NaN,NaN,NaN,NaN,NaN,NaN
SUMO1,NaN,NaN,NaN,NaN,NaN,NaN,NaN,NaN,NaN,NaN,NaN,NaN,1.031584895,2.04,0.73
SUMO2,0.530248485,2.98,2.28,NaN,NaN,NaN,NaN,NaN,NaN,NaN,NaN,NaN,0.43814273,1.84,1.39
SUMO3,0.34996823,3.13,2.62,NaN,NaN,NaN,NaN,NaN,NaN,NaN,NaN,NaN,0.459782393,2.64,1.17
SUN1,NaN,NaN,NaN,NaN,NaN,NaN,-0.327069425,1.44,0.23,NaN,NaN,NaN,NaN,NaN,NaN
SUPT7L,0.458132101,3.46,3.89,NaN,NaN,NaN,NaN,NaN,NaN,NaN,NaN,NaN,NaN,NaN,NaN
SUPV3L1,NaN,NaN,NaN,NaN,NaN,NaN,0.072106938,3.92,0.9,NaN,NaN,NaN,NaN,NaN,NaN
SURF4,0.160120001,1.62,0.61,NaN,NaN,NaN,NaN,NaN,NaN,NaN,NaN,NaN,NaN,NaN,NaN
SYMPK,NaN,NaN,NaN,NaN,NaN,NaN,NaN,NaN,NaN,1.018045233,1.33,0.36,NaN,NaN,NaN
SYNGR3,NaN,NaN,NaN,NaN,NaN,NaN,NaN,NaN,NaN,2.018331701,1.41,0.23,NaN,NaN,NaN
TAF6L,NaN,NaN,NaN,NaN,NaN,NaN,0.191199528,1.69,0.43,NaN,NaN,NaN,NaN,NaN,NaN
TAPBP,NaN,NaN,NaN,NaN,NaN,NaN,NaN,NaN,NaN,1.45476729,1.31,0.22,NaN,NaN,NaN
TBL3,0.45509281,1.38,0.47,NaN,NaN,NaN,NaN,NaN,NaN,NaN,NaN,NaN,NaN,NaN,NaN
TBRG4,NaN,NaN,NaN,NaN,NaN,NaN,0.152842413,1.56,0.69,NaN,NaN,NaN,NaN,NaN,NaN
TCOF1,0.919939035,5.55,8.53,NaN,NaN,NaN,NaN,NaN,NaN,NaN,NaN,NaN,NaN,NaN,NaN
TDG,0.133397606,4.69,6.16,0.529440493,4.47,4.18,-0.040961192,7.42,5.12,NaN,NaN,NaN,0.24423698,4.39,6.26
TFRC,NaN,NaN,NaN,NaN,NaN,NaN,0.036839054,1.84,0.33,NaN,NaN,NaN,NaN,NaN,NaN
THOC1,NaN,NaN,NaN,NaN,NaN,NaN,0.056106918,2.07,3.82,0.354384549,1.83,2.48,NaN,NaN,NaN
TMED10,NaN,NaN,NaN,NaN,NaN,NaN,-0.199189681,2.05,0.22,NaN,NaN,NaN,NaN,NaN,NaN
TMED2,0.525277277,1.56,1.16,NaN,NaN,NaN,-0.305460014,2.32,0.89,NaN,NaN,NaN,NaN,NaN,NaN
TMEM194A,NaN,NaN,NaN,NaN,NaN,NaN,NaN,NaN,NaN,0.674940575,1.33,2.51,NaN,NaN,NaN
TMEM214,NaN,NaN,NaN,NaN,NaN,NaN,-0.263104217,1.79,0.22,NaN,NaN,NaN,NaN,NaN,NaN
TMEM245,NaN,NaN,NaN,NaN,NaN,NaN,-0.359075422,1.37,0.31,NaN,NaN,NaN,NaN,NaN,NaN
TMEM33,NaN,NaN,NaN,NaN,NaN,NaN,0.223443357,2.81,0.84,NaN,NaN,NaN,NaN,NaN,NaN
TMEM65,NaN,NaN,NaN,NaN,NaN,NaN,0.007163695,1.52,0.5,NaN,NaN,NaN,NaN,NaN,NaN
TMEM68,NaN,NaN,NaN,NaN,NaN,NaN,NaN,NaN,NaN,1.46892632,1.73,1.66,NaN,NaN,NaN
TMEM97,0.581393471,3.93,4.71,NaN,NaN,NaN,NaN,NaN,NaN,NaN,NaN,NaN,NaN,NaN,NaN
TMPO,NaN,NaN,NaN,NaN,NaN,NaN,0.329360058,1.45,0.14,NaN,NaN,NaN,NaN,NaN,NaN
TMTC3,NaN,NaN,NaN,NaN,NaN,NaN,1.04386753,2.23,0.56,NaN,NaN,NaN,NaN,NaN,NaN
TMUB2,NaN,NaN,NaN,NaN,NaN,NaN,0.740276901,1.75,0.24,NaN,NaN,NaN,NaN,NaN,NaN
TMX1,NaN,NaN,NaN,NaN,NaN,NaN,0.144700693,1.75,0.29,NaN,NaN,NaN,NaN,NaN,NaN
TNFSF9,NaN,NaN,NaN,0.366855875,1.45,1.6,NaN,NaN,NaN,NaN,NaN,NaN,NaN,NaN,NaN
TNPO1,NaN,NaN,NaN,NaN,NaN,NaN,0.662735542,1.85,0.36,NaN,NaN,NaN,-0.477847993,2.45,0.28
TOMM22,NaN,NaN,NaN,NaN,NaN,NaN,0.389849413,1.89,2.33,0.445157255,1.34,1.41,NaN,NaN,NaN
TOP1,NaN,NaN,NaN,0.778118054,1.69,0.19,NaN,NaN,NaN,1.732526771,2.3,0.19,NaN,NaN,NaN
TOP2A,-0.099265639,4.13,1.38,-0.041159158,1.54,0.72,NaN,NaN,NaN,NaN,NaN,NaN,0.049849676,2.54,1.06
TOP2B,0.071557137,4.65,6.84,0.924627785,1.39,2.21,-0.808765452,1.65,1.74,NaN,NaN,NaN,0.186557784,3.91,4.39
TOPORS,0.057716801,5.67,10.17,-0.387172204,3.9,4.66,-0.605235618,4.07,3.35,NaN,NaN,NaN,0.073148586,5.92,7.52
TOR1AIP2,NaN,NaN,NaN,NaN,NaN,NaN,0.028233194,1.91,0.66,NaN,NaN,NaN,NaN,NaN,NaN
TP53I11,NaN,NaN,NaN,NaN,NaN,NaN,-0.505964677,1.77,0.32,NaN,NaN,NaN,NaN,NaN,NaN
TPI1,1.314543684,1.71,2.41,NaN,NaN,NaN,NaN,NaN,NaN,NaN,NaN,NaN,NaN,NaN,NaN
TRIM24,0.023649695,3.96,3.49,NaN,NaN,NaN,NaN,NaN,NaN,NaN,NaN,NaN,NaN,NaN,NaN
TRIM25,NaN,NaN,NaN,NaN,NaN,NaN,0.291853928,3.17,1.42,NaN,NaN,NaN,NaN,NaN,NaN
TRIM28,0.156013348,4.46,6.9,0.210129131,6.09,6.8,0.211530655,5.17,2.54,0.664926581,1.55,2.36,0.146914896,6.58,9.27
TRIM33,0.038853403,7.56,8.37,0.128918504,3.13,4.74,NaN,NaN,NaN,NaN,NaN,NaN,-0.692972926,2.92,2.94
TRIP12,NaN,NaN,NaN,NaN,NaN,NaN,NaN,NaN,NaN,0.998056311,1.32,0.89,NaN,NaN,NaN
TSPYL2,0.143028696,5.23,5.5,NaN,NaN,NaN,NaN,NaN,NaN,NaN,NaN,NaN,NaN,NaN,NaN
U2SURP,NaN,NaN,NaN,NaN,NaN,NaN,-0.08257871,1.38,0.38,NaN,NaN,NaN,NaN,NaN,NaN
UBA2,1.121125114,4.46,2.57,NaN,NaN,NaN,NaN,NaN,NaN,NaN,NaN,NaN,NaN,NaN,NaN
UBAC2,NaN,NaN,NaN,NaN,NaN,NaN,NaN,NaN,NaN,0.231174425,1.31,0.29,NaN,NaN,NaN
UBB,-0.13752137,3.33,2.37,-0.401292701,1.42,0.61,NaN,NaN,NaN,NaN,NaN,NaN,-0.003525115,2.99,0.74
UBC,-0.13752137,3.33,2.37,-0.401292701,1.42,0.61,NaN,NaN,NaN,NaN,NaN,NaN,-0.003525115,2.99,0.74
UBE2I,NaN,NaN,NaN,0.850003738,3.82,3.92,NaN,NaN,NaN,NaN,NaN,NaN,NaN,NaN,NaN
UGT8,NaN,NaN,NaN,NaN,NaN,NaN,0.202027875,1.33,0.45,NaN,NaN,NaN,NaN,NaN,NaN
UIMC1,0.084296443,7.77,7.56,NaN,NaN,NaN,NaN,NaN,NaN,NaN,NaN,NaN,0.060946912,6.01,5.24
UQCRQ,NaN,NaN,NaN,NaN,NaN,NaN,0.368911078,1.56,2.82,NaN,NaN,NaN,NaN,NaN,NaN
USMG5,NaN,NaN,NaN,NaN,NaN,NaN,0.208277485,2.47,0.68,NaN,NaN,NaN,NaN,NaN,NaN
USP13,0.150989504,5.63,5.15,NaN,NaN,NaN,NaN,NaN,NaN,NaN,NaN,NaN,NaN,NaN,NaN
USP22,NaN,NaN,NaN,NaN,NaN,NaN,NaN,NaN,NaN,1.469191772,1.41,0.28,NaN,NaN,NaN
USP39,1.012512635,2.52,0.71,NaN,NaN,NaN,-0.636234674,2.33,0.3,NaN,NaN,NaN,NaN,NaN,NaN
UTP11L,0.333043848,5.14,4.66,NaN,NaN,NaN,NaN,NaN,NaN,NaN,NaN,NaN,NaN,NaN,NaN
UTP14A,0.963329508,6.48,7.27,NaN,NaN,NaN,NaN,NaN,NaN,NaN,NaN,NaN,NaN,NaN,NaN
UTP18,0.294116664,4,2.48,NaN,NaN,NaN,NaN,NaN,NaN,NaN,NaN,NaN,0.17477682,2.58,4.57
UTP3,0.926087161,4.17,5.17,NaN,NaN,NaN,NaN,NaN,NaN,NaN,NaN,NaN,NaN,NaN,NaN
UTP6,NaN,NaN,NaN,NaN,NaN,NaN,0.062695887,3.22,0.96,NaN,NaN,NaN,NaN,NaN,NaN
VAMP7,NaN,NaN,NaN,NaN,NaN,NaN,NaN,NaN,NaN,-0.107990886,1.79,0.3,NaN,NaN,NaN
VAPA,NaN,NaN,NaN,NaN,NaN,NaN,-0.415386827,2.4,0.34,NaN,NaN,NaN,NaN,NaN,NaN
VARS,NaN,NaN,NaN,NaN,NaN,NaN,0.600387153,2.92,1.1,NaN,NaN,NaN,NaN,NaN,NaN
VAT1,NaN,NaN,NaN,NaN,NaN,NaN,-0.033576324,2.82,0.57,NaN,NaN,NaN,NaN,NaN,NaN
VGLL3,NaN,NaN,NaN,NaN,NaN,NaN,NaN,NaN,NaN,NaN,NaN,NaN,-0.499274223,1.54,0.47
VMP1,NaN,NaN,NaN,NaN,NaN,NaN,0.658687977,1.86,0.58,NaN,NaN,NaN,NaN,NaN,NaN
VPS35,NaN,NaN,NaN,NaN,NaN,NaN,0.116872254,1.63,0.61,NaN,NaN,NaN,NaN,NaN,NaN
WDR18,NaN,NaN,NaN,NaN,NaN,NaN,-0.000137726,2.16,0.45,NaN,NaN,NaN,NaN,NaN,NaN
WDR3,NaN,NaN,NaN,NaN,NaN,NaN,0.208458957,2.89,0.42,NaN,NaN,NaN,NaN,NaN,NaN
WDR36,NaN,NaN,NaN,NaN,NaN,NaN,0.24699828,2.34,0.68,NaN,NaN,NaN,NaN,NaN,NaN
WDR43,0.580712636,2.42,1.33,NaN,NaN,NaN,NaN,NaN,NaN,NaN,NaN,NaN,NaN,NaN,NaN
WDR75,NaN,NaN,NaN,NaN,NaN,NaN,0.140068891,1.4,1.35,NaN,NaN,NaN,NaN,NaN,NaN
WIZ,-0.038877774,6.19,6.44,0.570326769,5.76,5.18,0.017827675,3.91,3.56,NaN,NaN,NaN,0.248264735,4.15,6.39
WRN,0.269533993,3.52,2.83,NaN,NaN,NaN,NaN,NaN,NaN,NaN,NaN,NaN,NaN,NaN,NaN
XBP1,NaN,NaN,NaN,NaN,NaN,NaN,NaN,NaN,NaN,NaN,NaN,NaN,0.286672967,1.85,3.29
XPO1,-2.207478497,1.32,0.3,NaN,NaN,NaN,NaN,NaN,NaN,NaN,NaN,NaN,NaN,NaN,NaN
XRCC5,-0.506554925,2.18,1.03,NaN,NaN,NaN,NaN,NaN,NaN,0.542675486,1.58,3.1,-0.086289348,2.73,3.25
XRCC6,-0.021729845,1.47,2.85,NaN,NaN,NaN,NaN,NaN,NaN,NaN,NaN,NaN,NaN,NaN,NaN
YEATS2,0.037358328,4.9,8.94,-0.075182366,3.69,5.03,-0.100536615,1.76,4.78,NaN,NaN,NaN,-0.034883076,4.82,5.75
YIF1A,NaN,NaN,NaN,NaN,NaN,NaN,0.051567296,1.33,0.31,NaN,NaN,NaN,NaN,NaN,NaN
YIPF4,0.959635645,4.05,2.6,NaN,NaN,NaN,NaN,NaN,NaN,NaN,NaN,NaN,NaN,NaN,NaN
YME1L1,NaN,NaN,NaN,NaN,NaN,NaN,0.123956509,2.7,0.61,NaN,NaN,NaN,NaN,NaN,NaN
YY1AP1,-0.91862961,1.37,2.2,0.347060535,1.51,2.16,NaN,NaN,NaN,NaN,NaN,NaN,0.11214388,5.94,4.21
ZATT,0.078325555,6.38,4.05,0.298972887,2.19,1.56,NaN,NaN,NaN,NaN,NaN,NaN,0.075619522,2.11,3.55
ZBTB1,0.054373999,5.56,5.51,NaN,NaN,NaN,NaN,NaN,NaN,NaN,NaN,NaN,0.258901062,5.01,6.58
ZBTB12,0.193055735,5.02,5.9,NaN,NaN,NaN,NaN,NaN,NaN,NaN,NaN,NaN,0.24807752,4.77,4.78
ZBTB2,0.239776086,6.73,6.83,1.077030818,1.79,3.76,NaN,NaN,NaN,NaN,NaN,NaN,0.795766173,1.5,3.81
ZBTB20,0.108518149,4.78,5.44,0.649056188,1.6,2.88,NaN,NaN,NaN,NaN,NaN,NaN,0.654941906,4.16,4.09
ZBTB21,0.187549566,5.49,4.71,NaN,NaN,NaN,NaN,NaN,NaN,NaN,NaN,NaN,0.106643272,4.72,4.81
ZBTB25,0.055406039,4.25,5.85,NaN,NaN,NaN,NaN,NaN,NaN,NaN,NaN,NaN,NaN,NaN,NaN
ZBTB33,0.013142716,6.82,8.45,-0.019437295,6.66,5.85,-0.139421648,3.75,3.88,NaN,NaN,NaN,-0.029055834,6.85,6.51
ZBTB38,0.284118429,5.59,6.82,0.388514606,4.22,4.74,NaN,NaN,NaN,NaN,NaN,NaN,0.123639017,4.62,5.92
ZBTB39,0.029091988,5.29,4.59,NaN,NaN,NaN,NaN,NaN,NaN,NaN,NaN,NaN,NaN,NaN,NaN
ZBTB5,0.247576821,5.45,7.62,0.154877525,4.03,4.62,NaN,NaN,NaN,NaN,NaN,NaN,0.479934162,5.13,5.27
ZBTB6,0.287810458,3.98,3.97,NaN,NaN,NaN,NaN,NaN,NaN,NaN,NaN,NaN,NaN,NaN,NaN
ZBTB8A,NaN,NaN,NaN,NaN,NaN,NaN,NaN,NaN,NaN,NaN,NaN,NaN,0.97428312,3.16,3.53
ZBTB9,0.046948021,7.31,8.57,-0.018509794,6.59,5.62,NaN,NaN,NaN,NaN,NaN,NaN,0.147201866,5.56,6.79
ZC3H11A,0.00944623,6.25,6.33,NaN,NaN,NaN,NaN,NaN,NaN,NaN,NaN,NaN,0.135593398,6.3,5.63
ZCCHC7,0.215788137,3.83,7.62,NaN,NaN,NaN,NaN,NaN,NaN,NaN,NaN,NaN,0.666672958,1.75,2.2
ZDHHC5,NaN,NaN,NaN,NaN,NaN,NaN,NaN,NaN,NaN,0.396352839,1.62,2.56,NaN,NaN,NaN
ZEB1,-0.045463675,4.06,4.05,NaN,NaN,NaN,NaN,NaN,NaN,NaN,NaN,NaN,0.31579285,1.84,4.27
ZFY,NaN,NaN,NaN,0.113654199,1.37,2.96,NaN,NaN,NaN,NaN,NaN,NaN,NaN,NaN,NaN
ZFX,NaN,NaN,NaN,0.113654199,1.37,2.96,NaN,NaN,NaN,NaN,NaN,NaN,NaN,NaN,NaN
ZKSCAN1,0.127162439,2.42,3.3,NaN,NaN,NaN,NaN,NaN,NaN,NaN,NaN,NaN,NaN,NaN,NaN
ZKSCAN2,0.948885126,3.13,3.05,NaN,NaN,NaN,NaN,NaN,NaN,NaN,NaN,NaN,0.948320664,4.17,3.6
ZMPSTE24,NaN,NaN,NaN,NaN,NaN,NaN,0.190734651,2.8,0.43,NaN,NaN,NaN,NaN,NaN,NaN
ZMYM1,-0.182504214,1.37,2.52,NaN,NaN,NaN,NaN,NaN,NaN,NaN,NaN,NaN,NaN,NaN,NaN
ZMYM2,0.054481321,6.12,8.23,0.551627276,5.2,5.5,0.025170974,6.32,4.02,NaN,NaN,NaN,0.357518531,4.48,6
ZMYM4,0.167871438,4.15,8.57,0.280844585,1.84,6.02,0.142027388,2.6,6.39,NaN,NaN,NaN,0.088926447,1.88,6.45
ZNF106,0.112444613,7.02,5.26,-0.162020997,2.17,2.81,NaN,NaN,NaN,NaN,NaN,NaN,0.35055281,3.16,5.22
ZNF12,0.05094421,3.53,2.71,NaN,NaN,NaN,NaN,NaN,NaN,NaN,NaN,NaN,0.438300605,2.19,2.54
ZNF131,0.613756295,3.79,3.39,NaN,NaN,NaN,NaN,NaN,NaN,NaN,NaN,NaN,NaN,NaN,NaN
ZNF195,0.022899368,5.08,4.42,NaN,NaN,NaN,NaN,NaN,NaN,NaN,NaN,NaN,NaN,NaN,NaN
ZNF205,NaN,NaN,NaN,NaN,NaN,NaN,0.692204051,1.63,2.02,NaN,NaN,NaN,NaN,NaN,NaN
ZNF225,3.299908245,4.38,0.95,NaN,NaN,NaN,NaN,NaN,NaN,NaN,NaN,NaN,NaN,NaN,NaN
ZNF24,0.110774188,5.32,5.06,NaN,NaN,NaN,NaN,NaN,NaN,NaN,NaN,NaN,0.642649518,5.22,5.86
ZNF251,0.762450409,1.53,2.05,NaN,NaN,NaN,NaN,NaN,NaN,NaN,NaN,NaN,NaN,NaN,NaN
ZNF260,NaN,NaN,NaN,NaN,NaN,NaN,4.691803907,3.01,0.31,NaN,NaN,NaN,NaN,NaN,NaN
ZNF280C,0.614448418,2.42,0.48,0.735762191,2.63,0.81,-0.133404042,1.58,0.46,NaN,NaN,NaN,0.183012847,3.41,1.47
ZNF317,NaN,NaN,NaN,NaN,NaN,NaN,NaN,NaN,NaN,0.859179846,1.31,2.56,NaN,NaN,NaN
ZNF320,0.575826718,3.99,2.74,NaN,NaN,NaN,NaN,NaN,NaN,NaN,NaN,NaN,NaN,NaN,NaN
ZNF347,0.674661657,3.13,2.92,NaN,NaN,NaN,NaN,NaN,NaN,NaN,NaN,NaN,NaN,NaN,NaN
ZNF35,NaN,NaN,NaN,NaN,NaN,NaN,NaN,NaN,NaN,NaN,NaN,NaN,0.479237947,5.56,3.55
ZNF445,0.254713378,5.08,5.16,NaN,NaN,NaN,1.132021589,1.4,1.26,NaN,NaN,NaN,0.437971609,1.44,2.82
LAZSUL,0.135039319,3.99,6.62,NaN,NaN,NaN,NaN,NaN,NaN,NaN,NaN,NaN,-0.084175733,3.36,3.31
ZNF462,0.275169097,3.69,2.89,0.693128217,2.28,3.36,0.057956811,2.39,1.4,NaN,NaN,NaN,0.133078842,1.9,3.58
ZNF496,0.092271218,5.93,5.88,NaN,NaN,NaN,NaN,NaN,NaN,NaN,NaN,NaN,NaN,NaN,NaN
ZNF512,0.044918441,1.86,2.26,NaN,NaN,NaN,NaN,NaN,NaN,NaN,NaN,NaN,NaN,NaN,NaN
ZNF518A,-0.100188378,6.01,3.04,0.526961552,2.08,3.02,NaN,NaN,NaN,NaN,NaN,NaN,0.232985757,3.43,4.89
ZNF608,NaN,NaN,NaN,1.638138038,1.34,0.53,NaN,NaN,NaN,NaN,NaN,NaN,NaN,NaN,NaN
ZNF609,NaN,NaN,NaN,-0.917547833,1.55,0.43,NaN,NaN,NaN,NaN,NaN,NaN,NaN,NaN,NaN
ZNF644,-0.334195197,3.93,1.52,0.277549613,1.94,1.6,NaN,NaN,NaN,NaN,NaN,NaN,0.120084905,3.41,5.45
ZNF687,0.700464964,4.39,1.72,0.325816683,3.64,3.52,NaN,NaN,NaN,NaN,NaN,NaN,0.600561132,5.86,4.18
ZNF7,NaN,NaN,NaN,NaN,NaN,NaN,NaN,NaN,NaN,NaN,NaN,NaN,0.901788294,1.92,2.15
ZNF800,1.51409055,3.29,1.8,NaN,NaN,NaN,NaN,NaN,NaN,NaN,NaN,NaN,NaN,NaN,NaN
ZNF827,0.170136601,4.81,7.13,0.34862023,3.18,3.85,NaN,NaN,NaN,NaN,NaN,NaN,0.145932189,4.9,6.84
ZNF836,NaN,NaN,NaN,NaN,NaN,NaN,NaN,NaN,NaN,NaN,NaN,NaN,0.076472243,2.55,3.46
ZNF888,NaN,NaN,NaN,NaN,NaN,NaN,NaN,NaN,NaN,0.728027198,2.91,2.09,NaN,NaN,NaN
ZNF701,NaN,NaN,NaN,NaN,NaN,NaN,NaN,NaN,NaN,0.728027198,2.91,2.09,NaN,NaN,NaN
IKZF2,0.8335784,5.18,4.57,NaN,NaN,NaN,NaN,NaN,NaN,NaN,NaN,NaN,0.95916943,2.15,3.33
ZNHIT6,-0.142713476,5.12,5.27,NaN,NaN,NaN,NaN,NaN,NaN,NaN,NaN,NaN,-0.114811745,3.13,5.47
ZSCAN26,0.768041237,1.46,2.55,NaN,NaN,NaN,NaN,NaN,NaN,NaN,NaN,NaN,NaN,NaN,NaN
ZW10,NaN,NaN,NaN,NaN,NaN,NaN,NaN,NaN,NaN,0.819724577,1.51,2.28,NaN,NaN,NaN
ZXDC,0.027331264,3.76,4.01,NaN,NaN,NaN,NaN,NaN,NaN,NaN,NaN,NaN,0.61770187,5.49,4.23