"GENE_NAME","Sumo","Diff","minLogP","SATT index"
"AATF","NSMCE2",4.74,6.13,0.115311679
"AATF","PIAS1",NA,NA,NA
"AATF","PIAS2",NA,NA,NA
"AATF","PIAS3",NA,NA,NA
"AATF","PIAS4",NA,NA,NA
"ACAD9","NSMCE2",NA,NA,NA
"ACAD9","PIAS1",NA,NA,NA
"ACAD9","PIAS2",1.28,2.93,0.02230108
"ACAD9","PIAS3",NA,NA,NA
"ACAD9","PIAS4",NA,NA,NA
"ACADVL","NSMCE2",NA,NA,NA
"ACADVL","PIAS1",NA,NA,NA
"ACADVL","PIAS2",1.53,1.4,0.734300718
"ACADVL","PIAS3",NA,NA,NA
"ACADVL","PIAS4",NA,NA,NA
"ACTN1","NSMCE2",NA,NA,NA
"ACTN1","PIAS1",NA,NA,NA
"ACTN1","PIAS2",0.41,1.95,-0.045005283
"ACTN1","PIAS3",NA,NA,NA
"ACTN1","PIAS4",NA,NA,NA
"ACTN4","NSMCE2",NA,NA,NA
"ACTN4","PIAS1",NA,NA,NA
"ACTN4","PIAS2",0.38,2.54,-0.493803806
"ACTN4","PIAS3",NA,NA,NA
"ACTN4","PIAS4",NA,NA,NA
"ADCK5","NSMCE2",NA,NA,NA
"ADCK5","PIAS1",2.46,1.93,0.648863122
"ADCK5","PIAS2",NA,NA,NA
"ADCK5","PIAS3",NA,NA,NA
"ADCK5","PIAS4",NA,NA,NA
"ADPGK","NSMCE2",0.47,1.5,0.278071387
"ADPGK","PIAS1",NA,NA,NA
"ADPGK","PIAS2",NA,NA,NA
"ADPGK","PIAS3",NA,NA,NA
"ADPGK","PIAS4",NA,NA,NA
"AGPS","NSMCE2",NA,NA,NA
"AGPS","PIAS1",NA,NA,NA
"AGPS","PIAS2",0.18,1.46,-0.19935559
"AGPS","PIAS3",NA,NA,NA
"AGPS","PIAS4",NA,NA,NA
"ALG1","NSMCE2",0.46,1.68,0.07747346
"ALG1","PIAS1",NA,NA,NA
"ALG1","PIAS2",0.35,1.46,0.522817701
"ALG1","PIAS3",NA,NA,NA
"ALG1","PIAS4",NA,NA,NA
"ALG2","NSMCE2",NA,NA,NA
"ALG2","PIAS1",NA,NA,NA
"ALG2","PIAS2",3.07,1.64,-0.364916595
"ALG2","PIAS3",NA,NA,NA
"ALG2","PIAS4",NA,NA,NA
"ALPP","NSMCE2",NA,NA,NA
"ALPP","PIAS1",NA,NA,NA
"ALPP","PIAS2",NA,NA,NA
"ALPP","PIAS3",1.77,1.36,1.121050491
"ALPP","PIAS4",NA,NA,NA
"ANXA5","NSMCE2",2.55,1.62,1.189879916
"ANXA5","PIAS1",NA,NA,NA
"ANXA5","PIAS2",NA,NA,NA
"ANXA5","PIAS3",NA,NA,NA
"ANXA5","PIAS4",NA,NA,NA
"AP2B1","NSMCE2",NA,NA,NA
"AP2B1","PIAS1",NA,NA,NA
"AP2B1","PIAS2",0.66,2.38,0.359325128
"AP2B1","PIAS3",NA,NA,NA
"AP2B1","PIAS4",NA,NA,NA
"AP2M1","NSMCE2",NA,NA,NA
"AP2M1","PIAS1",NA,NA,NA
"AP2M1","PIAS2",0.76,2.4,0.169302971
"AP2M1","PIAS3",NA,NA,NA
"AP2M1","PIAS4",NA,NA,NA
"API5","NSMCE2",NA,NA,NA
"API5","PIAS1",NA,NA,NA
"API5","PIAS2",0.74,1.97,-0.254899962
"API5","PIAS3",NA,NA,NA
"API5","PIAS4",NA,NA,NA
"AQR","NSMCE2",NA,NA,NA
"AQR","PIAS1",NA,NA,NA
"AQR","PIAS2",0.21,1.33,0.296178409
"AQR","PIAS3",NA,NA,NA
"AQR","PIAS4",NA,NA,NA
"ARID5B","NSMCE2",NA,NA,NA
"ARID5B","PIAS1",0.46,1.3,0.594797633
"ARID5B","PIAS2",NA,NA,NA
"ARID5B","PIAS3",0.25,1.31,1.90598188
"ARID5B","PIAS4",1.21,1.31,0.05681864
"ARL1","NSMCE2",NA,NA,NA
"ARL1","PIAS1",NA,NA,NA
"ARL1","PIAS2",2.97,1.72,-0.04731325
"ARL1","PIAS3",NA,NA,NA
"ARL1","PIAS4",NA,NA,NA
"ARMC10","NSMCE2",NA,NA,NA
"ARMC10","PIAS1",NA,NA,NA
"ARMC10","PIAS2",0.47,1.67,0.031237094
"ARMC10","PIAS3",2.58,1.63,0.304115545
"ARMC10","PIAS4",NA,NA,NA
"ARMCX2","NSMCE2",NA,NA,NA
"ARMCX2","PIAS1",NA,NA,NA
"ARMCX2","PIAS2",0.41,1.47,-0.167929187
"ARMCX2","PIAS3",2.75,1.61,0.568258118
"ARMCX2","PIAS4",NA,NA,NA
"ATAD2","NSMCE2",0.92,2.48,-0.140151086
"ATAD2","PIAS1",NA,NA,NA
"ATAD2","PIAS2",NA,NA,NA
"ATAD2","PIAS3",NA,NA,NA
"ATAD2","PIAS4",2.57,1.62,0.510579827
"ATAD5","NSMCE2",2.52,4.04,0.481953258
"ATAD5","PIAS1",NA,NA,NA
"ATAD5","PIAS2",NA,NA,NA
"ATAD5","PIAS3",NA,NA,NA
"ATAD5","PIAS4",NA,NA,NA
"ATF6","NSMCE2",1.83,2.69,-0.094016001
"ATF6","PIAS1",NA,NA,NA
"ATF6","PIAS2",NA,NA,NA
"ATF6","PIAS3",NA,NA,NA
"ATF6","PIAS4",3.75,2.14,-0.008018189
"ATP5F1","NSMCE2",NA,NA,NA
"ATP5F1","PIAS1",NA,NA,NA
"ATP5F1","PIAS2",0.71,6.02,0.084866836
"ATP5F1","PIAS3",NA,NA,NA
"ATP5F1","PIAS4",NA,NA,NA
"ATP6V0D1","NSMCE2",NA,NA,NA
"ATP6V0D1","PIAS1",NA,NA,NA
"ATP6V0D1","PIAS2",3.88,4.61,0.312037781
"ATP6V0D1","PIAS3",NA,NA,NA
"ATP6V0D1","PIAS4",NA,NA,NA
"ATRN","NSMCE2",NA,NA,NA
"ATRN","PIAS1",2.18,1.65,0.866694826
"ATRN","PIAS2",NA,NA,NA
"ATRN","PIAS3",NA,NA,NA
"ATRN","PIAS4",NA,NA,NA
"ATXN2L","NSMCE2",NA,NA,NA
"ATXN2L","PIAS1",0.62,1.78,-1.806458281
"ATXN2L","PIAS2",NA,NA,NA
"ATXN2L","PIAS3",NA,NA,NA
"ATXN2L","PIAS4",NA,NA,NA
"BAG6","NSMCE2",NA,NA,NA
"BAG6","PIAS1",NA,NA,NA
"BAG6","PIAS2",NA,NA,NA
"BAG6","PIAS3",0.22,1.68,1.208629437
"BAG6","PIAS4",NA,NA,NA
"BBX","NSMCE2",2.47,4.09,0.049884261
"BBX","PIAS1",NA,NA,NA
"BBX","PIAS2",NA,NA,NA
"BBX","PIAS3",NA,NA,NA
"BBX","PIAS4",NA,NA,NA
"BCAP29","NSMCE2",NA,NA,NA
"BCAP29","PIAS1",NA,NA,NA
"BCAP29","PIAS2",0.55,2.43,-0.127189471
"BCAP29","PIAS3",NA,NA,NA
"BCAP29","PIAS4",NA,NA,NA
"BCAP31","NSMCE2",NA,NA,NA
"BCAP31","PIAS1",NA,NA,NA
"BCAP31","PIAS2",0.43,2.39,0.631968129
"BCAP31","PIAS3",NA,NA,NA
"BCAP31","PIAS4",NA,NA,NA
"BCL11B","NSMCE2",3.96,4.4,0.036267991
"BCL11B","PIAS1",4.28,4.6,0.387746633
"BCL11B","PIAS2",NA,NA,NA
"BCL11B","PIAS3",NA,NA,NA
"BCL11B","PIAS4",2.86,1.31,0.076770766
"BCLAF1","NSMCE2",1.9,2.01,1.165840511
"BCLAF1","PIAS1",NA,NA,NA
"BCLAF1","PIAS2",NA,NA,NA
"BCLAF1","PIAS3",NA,NA,NA
"BCLAF1","PIAS4",NA,NA,NA
"BEND3","NSMCE2",2.4,3.3,0.701804024
"BEND3","PIAS1",NA,NA,NA
"BEND3","PIAS2",NA,NA,NA
"BEND3","PIAS3",NA,NA,NA
"BEND3","PIAS4",NA,NA,NA
"BHLHE40","NSMCE2",1.79,1.33,-0.201794261
"BHLHE40","PIAS1",2.19,2.28,0.878127564
"BHLHE40","PIAS2",NA,NA,NA
"BHLHE40","PIAS3",NA,NA,NA
"BHLHE40","PIAS4",NA,NA,NA
"BHLHE41","NSMCE2",5.42,7.41,0.100183184
"BHLHE41","PIAS1",NA,NA,NA
"BHLHE41","PIAS2",NA,NA,NA
"BHLHE41","PIAS3",NA,NA,NA
"BHLHE41","PIAS4",3.79,1.79,0.765142238
"BLM","NSMCE2",4.5,6.72,0.038052021
"BLM","PIAS1",NA,NA,NA
"BLM","PIAS2",NA,NA,NA
"BLM","PIAS3",NA,NA,NA
"BLM","PIAS4",3.53,4.71,0.799846022
"BMS1","NSMCE2",2.26,3.61,0.736841449
"BMS1","PIAS1",NA,NA,NA
"BMS1","PIAS2",NA,NA,NA
"BMS1","PIAS3",NA,NA,NA
"BMS1","PIAS4",NA,NA,NA
"BNC2","NSMCE2",3.62,5.42,-0.235860309
"BNC2","PIAS1",2.44,1.62,0.632693037
"BNC2","PIAS2",NA,NA,NA
"BNC2","PIAS3",NA,NA,NA
"BNC2","PIAS4",5.15,3.49,0.239822005
"BRCA1","NSMCE2",4.98,4.56,0.07577042
"BRCA1","PIAS1",NA,NA,NA
"BRCA1","PIAS2",NA,NA,NA
"BRCA1","PIAS3",NA,NA,NA
"BRCA1","PIAS4",NA,NA,NA
"BRI3BP","NSMCE2",NA,NA,NA
"BRI3BP","PIAS1",NA,NA,NA
"BRI3BP","PIAS2",0.55,4.67,0.448131232
"BRI3BP","PIAS3",NA,NA,NA
"BRI3BP","PIAS4",NA,NA,NA
"BRIX1","NSMCE2",3.15,1.67,0.386668288
"BRIX1","PIAS1",NA,NA,NA
"BRIX1","PIAS2",NA,NA,NA
"BRIX1","PIAS3",NA,NA,NA
"BRIX1","PIAS4",NA,NA,NA
"C11orf84","NSMCE2",5.51,5.81,0.077050186
"C11orf84","PIAS1",NA,NA,NA
"C11orf84","PIAS2",5.05,4.99,0.081965711
"C11orf84","PIAS3",NA,NA,NA
"C11orf84","PIAS4",NA,NA,NA
"C14orf93","NSMCE2",4.22,5.4,0.350801184
"C14orf93","PIAS1",NA,NA,NA
"C14orf93","PIAS2",NA,NA,NA
"C14orf93","PIAS3",NA,NA,NA
"C14orf93","PIAS4",NA,NA,NA
"C18orf25","NSMCE2",4.77,4.79,0.202727786
"C18orf25","PIAS1",NA,NA,NA
"C18orf25","PIAS2",NA,NA,NA
"C18orf25","PIAS3",NA,NA,NA
"C18orf25","PIAS4",NA,NA,NA
"C2orf47","NSMCE2",NA,NA,NA
"C2orf47","PIAS1",NA,NA,NA
"C2orf47","PIAS2",0.81,2.98,-0.228520253
"C2orf47","PIAS3",NA,NA,NA
"C2orf47","PIAS4",NA,NA,NA
"CALML5","NSMCE2",NA,NA,NA
"CALML5","PIAS1",3.26,1.5,0.434971727
"CALML5","PIAS2",NA,NA,NA
"CALML5","PIAS3",NA,NA,NA
"CALML5","PIAS4",NA,NA,NA
"CALR","NSMCE2",2.8,1.4,1.216035565
"CALR","PIAS1",NA,NA,NA
"CALR","PIAS2",NA,NA,NA
"CALR","PIAS3",NA,NA,NA
"CALR","PIAS4",NA,NA,NA
"CAND1","NSMCE2",NA,NA,NA
"CAND1","PIAS1",NA,NA,NA
"CAND1","PIAS2",0.44,2,0.911954197
"CAND1","PIAS3",NA,NA,NA
"CAND1","PIAS4",NA,NA,NA
"CASC4","NSMCE2",NA,NA,NA
"CASC4","PIAS1",3.11,1.61,0.563355305
"CASC4","PIAS2",NA,NA,NA
"CASC4","PIAS3",NA,NA,NA
"CASC4","PIAS4",NA,NA,NA
"CASC5","NSMCE2",2.96,1.62,-0.335008717
"CASC5","PIAS1",NA,NA,NA
"CASC5","PIAS2",NA,NA,NA
"CASC5","PIAS3",NA,NA,NA
"CASC5","PIAS4",NA,NA,NA
"CASP14","NSMCE2",NA,NA,NA
"CASP14","PIAS1",NA,NA,NA
"CASP14","PIAS2",3.14,4.48,-0.179814053
"CASP14","PIAS3",NA,NA,NA
"CASP14","PIAS4",NA,NA,NA
"CASP8AP2","NSMCE2",7.69,6.22,0.223413248
"CASP8AP2","PIAS1",NA,NA,NA
"CASP8AP2","PIAS2",NA,NA,NA
"CASP8AP2","PIAS3",NA,NA,NA
"CASP8AP2","PIAS4",3.99,2.82,0.320408512
"CBL","NSMCE2",0.93,1.92,0.450592
"CBL","PIAS1",NA,NA,NA
"CBL","PIAS2",NA,NA,NA
"CBL","PIAS3",NA,NA,NA
"CBL","PIAS4",NA,NA,NA
"CBLL1","NSMCE2",NA,NA,NA
"CBLL1","PIAS1",0.37,1.34,0.223941438
"CBLL1","PIAS2",NA,NA,NA
"CBLL1","PIAS3",NA,NA,NA
"CBLL1","PIAS4",NA,NA,NA
"CBX2","NSMCE2",4.32,5.47,0.005927375
"CBX2","PIAS1",NA,NA,NA
"CBX2","PIAS2",NA,NA,NA
"CBX2","PIAS3",NA,NA,NA
"CBX2","PIAS4",NA,NA,NA
"CBX4","NSMCE2",NA,NA,NA
"CBX4","PIAS1",NA,NA,NA
"CBX4","PIAS2",0.2,1.47,-0.334847695
"CBX4","PIAS3",NA,NA,NA
"CBX4","PIAS4",NA,NA,NA
"CCDC47","NSMCE2",NA,NA,NA
"CCDC47","PIAS1",NA,NA,NA
"CCDC47","PIAS2",0.99,5.03,0.243415617
"CCDC47","PIAS3",NA,NA,NA
"CCDC47","PIAS4",NA,NA,NA
"CCNK","NSMCE2",NA,NA,NA
"CCNK","PIAS1",NA,NA,NA
"CCNK","PIAS2",0.67,2.97,0.037866285
"CCNK","PIAS3",NA,NA,NA
"CCNK","PIAS4",NA,NA,NA
"CCNT1","NSMCE2",NA,NA,NA
"CCNT1","PIAS1",NA,NA,NA
"CCNT1","PIAS2",0.33,1.51,0.043903128
"CCNT1","PIAS3",NA,NA,NA
"CCNT1","PIAS4",NA,NA,NA
"CCNYL1","NSMCE2",NA,NA,NA
"CCNYL1","PIAS1",NA,NA,NA
"CCNYL1","PIAS2",NA,NA,NA
"CCNYL1","PIAS3",0.48,1.33,3.223374284
"CCNYL1","PIAS4",NA,NA,NA
"CCSMST1","NSMCE2",NA,NA,NA
"CCSMST1","PIAS1",NA,NA,NA
"CCSMST1","PIAS2",3.64,4.16,0.308558781
"CCSMST1","PIAS3",NA,NA,NA
"CCSMST1","PIAS4",NA,NA,NA
"CCT3","NSMCE2",NA,NA,NA
"CCT3","PIAS1",NA,NA,NA
"CCT3","PIAS2",NA,NA,NA
"CCT3","PIAS3",NA,NA,NA
"CCT3","PIAS4",5.69,1.82,0.106528811
"CCT8","NSMCE2",NA,NA,NA
"CCT8","PIAS1",NA,NA,NA
"CCT8","PIAS2",0.82,1.54,0.717787673
"CCT8","PIAS3",NA,NA,NA
"CCT8","PIAS4",NA,NA,NA
"CCZ1","NSMCE2",NA,NA,NA
"CCZ1","PIAS1",NA,NA,NA
"CCZ1","PIAS2",2.85,1.69,0.232394587
"CCZ1","PIAS3",NA,NA,NA
"CCZ1","PIAS4",NA,NA,NA
"CDC23","NSMCE2",NA,NA,NA
"CDC23","PIAS1",NA,NA,NA
"CDC23","PIAS2",2.43,1.61,0.017376806
"CDC23","PIAS3",NA,NA,NA
"CDC23","PIAS4",NA,NA,NA
"CDC42","NSMCE2",NA,NA,NA
"CDC42","PIAS1",NA,NA,NA
"CDC42","PIAS2",0.8,2.69,0.361349738
"CDC42","PIAS3",NA,NA,NA
"CDC42","PIAS4",NA,NA,NA
"CDC5L","NSMCE2",2.31,3.19,0.929853879
"CDC5L","PIAS1",NA,NA,NA
"CDC5L","PIAS2",NA,NA,NA
"CDC5L","PIAS3",NA,NA,NA
"CDC5L","PIAS4",NA,NA,NA
"CDC7","NSMCE2",2.59,1.48,-0.372048779
"CDC7","PIAS1",NA,NA,NA
"CDC7","PIAS2",NA,NA,NA
"CDC7","PIAS3",NA,NA,NA
"CDC7","PIAS4",NA,NA,NA
"CDK1","NSMCE2",2.91,1.79,-0.342602586
"CDK1","PIAS1",3.11,1.9,-0.065470086
"CDK1","PIAS2",NA,NA,NA
"CDK1","PIAS3",NA,NA,NA
"CDK1","PIAS4",3.86,2.33,0.156941771
"CDK11A","NSMCE2",6.71,4.85,-0.041175985
"CDK11A","PIAS1",2.52,2.32,0.068590619
"CDK11A","PIAS2",NA,NA,NA
"CDK11A","PIAS3",NA,NA,NA
"CDK11A","PIAS4",4.09,3.2,0.083350518
"CDK11B","NSMCE2",3.77,3.33,0.4856283
"CDK11B","PIAS1",NA,NA,NA
"CDK11B","PIAS2",NA,NA,NA
"CDK11B","PIAS3",NA,NA,NA
"CDK11B","PIAS4",1.18,1.39,0.529557445
"CEBPZ","NSMCE2",NA,NA,NA
"CEBPZ","PIAS1",NA,NA,NA
"CEBPZ","PIAS2",0.72,4.8,0.120307097
"CEBPZ","PIAS3",NA,NA,NA
"CEBPZ","PIAS4",NA,NA,NA
"CENPB","NSMCE2",4.95,4.23,0.103154238
"CENPB","PIAS1",NA,NA,NA
"CENPB","PIAS2",NA,NA,NA
"CENPB","PIAS3",NA,NA,NA
"CENPB","PIAS4",NA,NA,NA
"CENPC","NSMCE2",3.98,5.65,0.087921251
"CENPC","PIAS1",NA,NA,NA
"CENPC","PIAS2",NA,NA,NA
"CENPC","PIAS3",NA,NA,NA
"CENPC","PIAS4",NA,NA,NA
"CENPL","NSMCE2",NA,NA,NA
"CENPL","PIAS1",NA,NA,NA
"CENPL","PIAS2",2.5,1.88,0.026233121
"CENPL","PIAS3",NA,NA,NA
"CENPL","PIAS4",NA,NA,NA
"CENPP","NSMCE2",0.17,1.46,11.76511121
"CENPP","PIAS1",NA,NA,NA
"CENPP","PIAS2",NA,NA,NA
"CENPP","PIAS3",NA,NA,NA
"CENPP","PIAS4",NA,NA,NA
"CEPT1","NSMCE2",NA,NA,NA
"CEPT1","PIAS1",NA,NA,NA
"CEPT1","PIAS2",0.53,1.51,0.042150484
"CEPT1","PIAS3",NA,NA,NA
"CEPT1","PIAS4",NA,NA,NA
"CERS2","NSMCE2",NA,NA,NA
"CERS2","PIAS1",NA,NA,NA
"CERS2","PIAS2",0.28,2.45,0.850692379
"CERS2","PIAS3",NA,NA,NA
"CERS2","PIAS4",NA,NA,NA
"CHD4","NSMCE2",0.57,2.81,0.003892281
"CHD4","PIAS1",0.89,1.49,0.324246721
"CHD4","PIAS2",NA,NA,NA
"CHD4","PIAS3",NA,NA,NA
"CHD4","PIAS4",NA,NA,NA
"CISD2","NSMCE2",NA,NA,NA
"CISD2","PIAS1",NA,NA,NA
"CISD2","PIAS2",3.3,2.41,-0.016084952
"CISD2","PIAS3",NA,NA,NA
"CISD2","PIAS4",NA,NA,NA
"CLASP1","NSMCE2",NA,NA,NA
"CLASP1","PIAS1",NA,NA,NA
"CLASP1","PIAS2",NA,NA,NA
"CLASP1","PIAS3",0.28,1.59,0.107151833
"CLASP1","PIAS4",NA,NA,NA
"CLCC1","NSMCE2",NA,NA,NA
"CLCC1","PIAS1",NA,NA,NA
"CLCC1","PIAS2",0.7,1.65,0.781050812
"CLCC1","PIAS3",NA,NA,NA
"CLCC1","PIAS4",NA,NA,NA
"CLPTM1","NSMCE2",NA,NA,NA
"CLPTM1","PIAS1",NA,NA,NA
"CLPTM1","PIAS2",0.67,2.94,0.567512069
"CLPTM1","PIAS3",NA,NA,NA
"CLPTM1","PIAS4",NA,NA,NA
"CLTC","NSMCE2",NA,NA,NA
"CLTC","PIAS1",NA,NA,NA
"CLTC","PIAS2",0.18,1.42,1.032599478
"CLTC","PIAS3",NA,NA,NA
"CLTC","PIAS4",NA,NA,NA
"CNEP1R1","NSMCE2",NA,NA,NA
"CNEP1R1","PIAS1",NA,NA,NA
"CNEP1R1","PIAS2",NA,NA,NA
"CNEP1R1","PIAS3",0.16,1.44,0.275089251
"CNEP1R1","PIAS4",NA,NA,NA
"CNNM4","NSMCE2",NA,NA,NA
"CNNM4","PIAS1",NA,NA,NA
"CNNM4","PIAS2",2.11,1.34,0.653170041
"CNNM4","PIAS3",NA,NA,NA
"CNNM4","PIAS4",NA,NA,NA
"CNOT11","NSMCE2",NA,NA,NA
"CNOT11","PIAS1",NA,NA,NA
"CNOT11","PIAS2",4.05,6.05,0.282349696
"CNOT11","PIAS3",NA,NA,NA
"CNOT11","PIAS4",NA,NA,NA
"CNTN6","NSMCE2",NA,NA,NA
"CNTN6","PIAS1",NA,NA,NA
"CNTN6","PIAS2",NA,NA,NA
"CNTN6","PIAS3",NA,NA,NA
"CNTN6","PIAS4",3.94,1.49,0.634298646
"COIL","NSMCE2",5.27,4.44,0.844146747
"COIL","PIAS1",NA,NA,NA
"COIL","PIAS2",NA,NA,NA
"COIL","PIAS3",NA,NA,NA
"COIL","PIAS4",NA,NA,NA
"COPB1","NSMCE2",NA,NA,NA
"COPB1","PIAS1",NA,NA,NA
"COPB1","PIAS2",0.28,1.58,0.4719206
"COPB1","PIAS3",NA,NA,NA
"COPB1","PIAS4",NA,NA,NA
"COPG1","NSMCE2",NA,NA,NA
"COPG1","PIAS1",NA,NA,NA
"COPG1","PIAS2",1.19,1.85,0.513630677
"COPG1","PIAS3",NA,NA,NA
"COPG1","PIAS4",NA,NA,NA
"COPS3","NSMCE2",NA,NA,NA
"COPS3","PIAS1",NA,NA,NA
"COPS3","PIAS2",0.45,2.35,1.297109658
"COPS3","PIAS3",NA,NA,NA
"COPS3","PIAS4",NA,NA,NA
"COX20","NSMCE2",NA,NA,NA
"COX20","PIAS1",NA,NA,NA
"COX20","PIAS2",0.56,1.3,-0.092732645
"COX20","PIAS3",NA,NA,NA
"COX20","PIAS4",NA,NA,NA
"COX4I1","NSMCE2",NA,NA,NA
"COX4I1","PIAS1",NA,NA,NA
"COX4I1","PIAS2",0.47,2.34,-0.136109484
"COX4I1","PIAS3",NA,NA,NA
"COX4I1","PIAS4",NA,NA,NA
"CPSF3","NSMCE2",0.2,2.1,1.594076174
"CPSF3","PIAS1",NA,NA,NA
"CPSF3","PIAS2",NA,NA,NA
"CPSF3","PIAS3",NA,NA,NA
"CPSF3","PIAS4",NA,NA,NA
"CRNKL1","NSMCE2",NA,NA,NA
"CRNKL1","PIAS1",NA,NA,NA
"CRNKL1","PIAS2",3.38,2.19,0.148769443
"CRNKL1","PIAS3",NA,NA,NA
"CRNKL1","PIAS4",NA,NA,NA
"CSNK1A1","NSMCE2",NA,NA,NA
"CSNK1A1","PIAS1",NA,NA,NA
"CSNK1A1","PIAS2",0.66,1.37,0.78746973
"CSNK1A1","PIAS3",NA,NA,NA
"CSNK1A1","PIAS4",NA,NA,NA
"CSNK2A1","NSMCE2",0.37,1.44,-0.430047509
"CSNK2A1","PIAS1",NA,NA,NA
"CSNK2A1","PIAS2",NA,NA,NA
"CSNK2A1","PIAS3",NA,NA,NA
"CSNK2A1","PIAS4",NA,NA,NA
"CUL2","NSMCE2",NA,NA,NA
"CUL2","PIAS1",NA,NA,NA
"CUL2","PIAS2",NA,NA,NA
"CUL2","PIAS3",3.1,1.61,0.865148065
"CUL2","PIAS4",NA,NA,NA
"CYC1","NSMCE2",NA,NA,NA
"CYC1","PIAS1",NA,NA,NA
"CYC1","PIAS2",1.11,3.62,0.154295319
"CYC1","PIAS3",NA,NA,NA
"CYC1","PIAS4",NA,NA,NA
"DAXX","NSMCE2",6.3,6.4,0.343388294
"DAXX","PIAS1",NA,NA,NA
"DAXX","PIAS2",NA,NA,NA
"DAXX","PIAS3",NA,NA,NA
"DAXX","PIAS4",NA,NA,NA
"DDB1","NSMCE2",NA,NA,NA
"DDB1","PIAS1",NA,NA,NA
"DDB1","PIAS2",0.6,1.47,-0.201900136
"DDB1","PIAS3",NA,NA,NA
"DDB1","PIAS4",NA,NA,NA
"DDOST","NSMCE2",NA,NA,NA
"DDOST","PIAS1",NA,NA,NA
"DDOST","PIAS2",0.45,2.09,0.327256463
"DDOST","PIAS3",NA,NA,NA
"DDOST","PIAS4",NA,NA,NA
"DDX18","NSMCE2",2.45,1.36,0.011940887
"DDX18","PIAS1",NA,NA,NA
"DDX18","PIAS2",NA,NA,NA
"DDX18","PIAS3",NA,NA,NA
"DDX18","PIAS4",NA,NA,NA
"DDX21","NSMCE2",2.68,2.91,0.564378827
"DDX21","PIAS1",NA,NA,NA
"DDX21","PIAS2",NA,NA,NA
"DDX21","PIAS3",NA,NA,NA
"DDX21","PIAS4",NA,NA,NA
"DDX52","NSMCE2",4.15,4.18,1.055661673
"DDX52","PIAS1",NA,NA,NA
"DDX52","PIAS2",NA,NA,NA
"DDX52","PIAS3",NA,NA,NA
"DDX52","PIAS4",NA,NA,NA
"DEGS1","NSMCE2",NA,NA,NA
"DEGS1","PIAS1",NA,NA,NA
"DEGS1","PIAS2",0.34,1.61,0.582938958
"DEGS1","PIAS3",NA,NA,NA
"DEGS1","PIAS4",NA,NA,NA
"DHCR7","NSMCE2",NA,NA,NA
"DHCR7","PIAS1",NA,NA,NA
"DHCR7","PIAS2",0.85,2.07,0.248529274
"DHCR7","PIAS3",NA,NA,NA
"DHCR7","PIAS4",NA,NA,NA
"DHDDS","NSMCE2",NA,NA,NA
"DHDDS","PIAS1",NA,NA,NA
"DHDDS","PIAS2",1.84,2.27,0.160056796
"DHDDS","PIAS3",NA,NA,NA
"DHDDS","PIAS4",NA,NA,NA
"DHRS7B","NSMCE2",NA,NA,NA
"DHRS7B","PIAS1",NA,NA,NA
"DHRS7B","PIAS2",NA,NA,NA
"DHRS7B","PIAS3",1.85,1.48,0.96168715
"DHRS7B","PIAS4",NA,NA,NA
"DHX36","NSMCE2",NA,NA,NA
"DHX36","PIAS1",NA,NA,NA
"DHX36","PIAS2",3.39,6.75,0.18632629
"DHX36","PIAS3",NA,NA,NA
"DHX36","PIAS4",NA,NA,NA
"DHX9","NSMCE2",NA,NA,NA
"DHX9","PIAS1",NA,NA,NA
"DHX9","PIAS2",0.79,3.27,0.221457646
"DHX9","PIAS3",NA,NA,NA
"DHX9","PIAS4",NA,NA,NA
"DKC1","NSMCE2",1.9,2.57,0.465331335
"DKC1","PIAS1",NA,NA,NA
"DKC1","PIAS2",NA,NA,NA
"DKC1","PIAS3",NA,NA,NA
"DKC1","PIAS4",3.01,2.55,0.019884063
"DNAJC8","NSMCE2",5.01,4.6,0.035270669
"DNAJC8","PIAS1",NA,NA,NA
"DNAJC8","PIAS2",NA,NA,NA
"DNAJC8","PIAS3",NA,NA,NA
"DNAJC8","PIAS4",NA,NA,NA
"DNTTIP2","NSMCE2",6.87,5.99,0.354229704
"DNTTIP2","PIAS1",NA,NA,NA
"DNTTIP2","PIAS2",NA,NA,NA
"DNTTIP2","PIAS3",NA,NA,NA
"DNTTIP2","PIAS4",NA,NA,NA
"DYNC1H1","NSMCE2",NA,NA,NA
"DYNC1H1","PIAS1",NA,NA,NA
"DYNC1H1","PIAS2",0.9,1.47,0.696099161
"DYNC1H1","PIAS3",2.57,1.61,0.201381476
"DYNC1H1","PIAS4",NA,NA,NA
"EBP","NSMCE2",NA,NA,NA
"EBP","PIAS1",0.62,2.18,3.777768433
"EBP","PIAS2",NA,NA,NA
"EBP","PIAS3",NA,NA,NA
"EBP","PIAS4",NA,NA,NA
"ECE1","NSMCE2",1.96,1.58,-0.699932546
"ECE1","PIAS1",NA,NA,NA
"ECE1","PIAS2",NA,NA,NA
"ECE1","PIAS3",NA,NA,NA
"ECE1","PIAS4",NA,NA,NA
"EHMT1","NSMCE2",NA,NA,NA
"EHMT1","PIAS1",NA,NA,NA
"EHMT1","PIAS2",NA,NA,NA
"EHMT1","PIAS3",NA,NA,NA
"EHMT1","PIAS4",2.59,1.69,0.625746679
"EIF3C","NSMCE2",NA,NA,NA
"EIF3C","PIAS1",NA,NA,NA
"EIF3C","PIAS2",0.61,3.04,0.179875928
"EIF3C","PIAS3",NA,NA,NA
"EIF3C","PIAS4",NA,NA,NA
"EIF4A3","NSMCE2",2.83,2.05,1.066568311
"EIF4A3","PIAS1",NA,NA,NA
"EIF4A3","PIAS2",NA,NA,NA
"EIF4A3","PIAS3",NA,NA,NA
"EIF4A3","PIAS4",NA,NA,NA
"EIF4G1","NSMCE2",NA,NA,NA
"EIF4G1","PIAS1",NA,NA,NA
"EIF4G1","PIAS2",0.49,1.87,0.386099894
"EIF4G1","PIAS3",NA,NA,NA
"EIF4G1","PIAS4",NA,NA,NA
"EIF4G2","NSMCE2",NA,NA,NA
"EIF4G2","PIAS1",NA,NA,NA
"EIF4G2","PIAS2",1.2,3.51,0.337990218
"EIF4G2","PIAS3",NA,NA,NA
"EIF4G2","PIAS4",NA,NA,NA
"ELMOD2","NSMCE2",0.78,1.32,-0.096548398
"ELMOD2","PIAS1",NA,NA,NA
"ELMOD2","PIAS2",NA,NA,NA
"ELMOD2","PIAS3",NA,NA,NA
"ELMOD2","PIAS4",NA,NA,NA
"ELMSAN1","NSMCE2",1.44,1.83,-0.014419817
"ELMSAN1","PIAS1",NA,NA,NA
"ELMSAN1","PIAS2",NA,NA,NA
"ELMSAN1","PIAS3",NA,NA,NA
"ELMSAN1","PIAS4",NA,NA,NA
"ELOVL5","NSMCE2",NA,NA,NA
"ELOVL5","PIAS1",NA,NA,NA
"ELOVL5","PIAS2",0.59,1.53,0.300058396
"ELOVL5","PIAS3",NA,NA,NA
"ELOVL5","PIAS4",NA,NA,NA
"EMC1","NSMCE2",NA,NA,NA
"EMC1","PIAS1",NA,NA,NA
"EMC1","PIAS2",1.05,2.43,0.154215437
"EMC1","PIAS3",NA,NA,NA
"EMC1","PIAS4",NA,NA,NA
"EMSY","NSMCE2",5.53,6.26,-0.032657308
"EMSY","PIAS1",1.59,1.32,-0.248186141
"EMSY","PIAS2",NA,NA,NA
"EMSY","PIAS3",NA,NA,NA
"EMSY","PIAS4",NA,NA,NA
"EPT1","NSMCE2",NA,NA,NA
"EPT1","PIAS1",NA,NA,NA
"EPT1","PIAS2",0.68,2.02,0.249357643
"EPT1","PIAS3",NA,NA,NA
"EPT1","PIAS4",NA,NA,NA
"ERCC1","NSMCE2",4.32,4.53,0.873021921
"ERCC1","PIAS1",NA,NA,NA
"ERCC1","PIAS2",NA,NA,NA
"ERCC1","PIAS3",NA,NA,NA
"ERCC1","PIAS4",NA,NA,NA
"ERCC4","NSMCE2",3.57,2.41,0.594258687
"ERCC4","PIAS1",NA,NA,NA
"ERCC4","PIAS2",NA,NA,NA
"ERCC4","PIAS3",NA,NA,NA
"ERCC4","PIAS4",NA,NA,NA
"ERO1L","NSMCE2",NA,NA,NA
"ERO1L","PIAS1",NA,NA,NA
"ERO1L","PIAS2",0.76,1.31,0.045322473
"ERO1L","PIAS3",NA,NA,NA
"ERO1L","PIAS4",NA,NA,NA
"ESF1","NSMCE2",4.17,3.07,0.769857504
"ESF1","PIAS1",NA,NA,NA
"ESF1","PIAS2",NA,NA,NA
"ESF1","PIAS3",NA,NA,NA
"ESF1","PIAS4",NA,NA,NA
"ETS1","NSMCE2",NA,NA,NA
"ETS1","PIAS1",5.95,2.4,0.45484681
"ETS1","PIAS2",NA,NA,NA
"ETS1","PIAS3",NA,NA,NA
"ETS1","PIAS4",4.54,3.89,0.160683726
"ETV6","NSMCE2",4.09,2.67,0.196130599
"ETV6","PIAS1",4.04,4.75,0.364629607
"ETV6","PIAS2",NA,NA,NA
"ETV6","PIAS3",NA,NA,NA
"ETV6","PIAS4",3.32,1.86,-0.496512023
"EXOC6B","NSMCE2",NA,NA,NA
"EXOC6B","PIAS1",NA,NA,NA
"EXOC6B","PIAS2",0.54,1.69,0.329302306
"EXOC6B","PIAS3",NA,NA,NA
"EXOC6B","PIAS4",NA,NA,NA
"EXOSC10","NSMCE2",5,6.72,0.613241927
"EXOSC10","PIAS1",NA,NA,NA
"EXOSC10","PIAS2",NA,NA,NA
"EXOSC10","PIAS3",NA,NA,NA
"EXOSC10","PIAS4",NA,NA,NA
"EXOSC7","NSMCE2",NA,NA,NA
"EXOSC7","PIAS1",NA,NA,NA
"EXOSC7","PIAS2",0.77,1.81,0.035235084
"EXOSC7","PIAS3",NA,NA,NA
"EXOSC7","PIAS4",NA,NA,NA
"EXOSC9","NSMCE2",4.53,6.32,1.023195941
"EXOSC9","PIAS1",NA,NA,NA
"EXOSC9","PIAS2",NA,NA,NA
"EXOSC9","PIAS3",NA,NA,NA
"EXOSC9","PIAS4",NA,NA,NA
"FAF2","NSMCE2",NA,NA,NA
"FAF2","PIAS1",NA,NA,NA
"FAF2","PIAS2",0.34,2.23,0.236941322
"FAF2","PIAS3",NA,NA,NA
"FAF2","PIAS4",NA,NA,NA
"FAM111A","NSMCE2",4.53,5.67,0.838637828
"FAM111A","PIAS1",NA,NA,NA
"FAM111A","PIAS2",NA,NA,NA
"FAM111A","PIAS3",NA,NA,NA
"FAM111A","PIAS4",NA,NA,NA
"FAM162A","NSMCE2",NA,NA,NA
"FAM162A","PIAS1",NA,NA,NA
"FAM162A","PIAS2",0.56,2.52,-0.356735735
"FAM162A","PIAS3",NA,NA,NA
"FAM162A","PIAS4",NA,NA,NA
"FAM178A","NSMCE2",2.1,1.74,0.365721976
"FAM178A","PIAS1",NA,NA,NA
"FAM178A","PIAS2",NA,NA,NA
"FAM178A","PIAS3",NA,NA,NA
"FAM178A","PIAS4",NA,NA,NA
"FAM49B","NSMCE2",NA,NA,NA
"FAM49B","PIAS1",NA,NA,NA
"FAM49B","PIAS2",NA,NA,NA
"FAM49B","PIAS3",0.16,2.19,1.172517448
"FAM49B","PIAS4",NA,NA,NA
"FAP","NSMCE2",3.38,3.24,0.650992431
"FAP","PIAS1",NA,NA,NA
"FAP","PIAS2",2.94,1.59,0.006863318
"FAP","PIAS3",NA,NA,NA
"FAP","PIAS4",NA,NA,NA
"FASTKD2","NSMCE2",NA,NA,NA
"FASTKD2","PIAS1",NA,NA,NA
"FASTKD2","PIAS2",0.32,1.33,0.505205444
"FASTKD2","PIAS3",NA,NA,NA
"FASTKD2","PIAS4",NA,NA,NA
"FDFT1","NSMCE2",NA,NA,NA
"FDFT1","PIAS1",NA,NA,NA
"FDFT1","PIAS2",0.4,1.5,0.050951718
"FDFT1","PIAS3",NA,NA,NA
"FDFT1","PIAS4",NA,NA,NA
"FDPS","NSMCE2",NA,NA,NA
"FDPS","PIAS1",NA,NA,NA
"FDPS","PIAS2",0.58,1.39,0.336884867
"FDPS","PIAS3",NA,NA,NA
"FDPS","PIAS4",NA,NA,NA
"FKRP","NSMCE2",NA,NA,NA
"FKRP","PIAS1",NA,NA,NA
"FKRP","PIAS2",NA,NA,NA
"FKRP","PIAS3",0.38,1.67,4.070396408
"FKRP","PIAS4",NA,NA,NA
"FLNC","NSMCE2",NA,NA,NA
"FLNC","PIAS1",NA,NA,NA
"FLNC","PIAS2",0.22,1.56,-0.102555892
"FLNC","PIAS3",NA,NA,NA
"FLNC","PIAS4",NA,NA,NA
"FOSL2","NSMCE2",3.27,5.31,1.09030802
"FOSL2","PIAS1",2.2,1.65,0.501863833
"FOSL2","PIAS2",NA,NA,NA
"FOSL2","PIAS3",NA,NA,NA
"FOSL2","PIAS4",NA,NA,NA
"FOXM1","NSMCE2",6.08,7.18,-0.048843927
"FOXM1","PIAS1",3.8,5.6,-0.366389819
"FOXM1","PIAS2",NA,NA,NA
"FOXM1","PIAS3",NA,NA,NA
"FOXM1","PIAS4",7.3,5.59,0.117586108
"FRMD6","NSMCE2",3.04,2.63,0.080829181
"FRMD6","PIAS1",NA,NA,NA
"FRMD6","PIAS2",NA,NA,NA
"FRMD6","PIAS3",NA,NA,NA
"FRMD6","PIAS4",2.45,1.51,-0.236185973
"FTSJ3","NSMCE2",1.04,2.67,1.246929401
"FTSJ3","PIAS1",NA,NA,NA
"FTSJ3","PIAS2",NA,NA,NA
"FTSJ3","PIAS3",NA,NA,NA
"FTSJ3","PIAS4",NA,NA,NA
"GALNT7","NSMCE2",NA,NA,NA
"GALNT7","PIAS1",NA,NA,NA
"GALNT7","PIAS2",0.74,3.55,0.115128871
"GALNT7","PIAS3",NA,NA,NA
"GALNT7","PIAS4",NA,NA,NA
"GET4","NSMCE2",NA,NA,NA
"GET4","PIAS1",NA,NA,NA
"GET4","PIAS2",0.6,2,0.493932821
"GET4","PIAS3",NA,NA,NA
"GET4","PIAS4",NA,NA,NA
"GJA1","NSMCE2",NA,NA,NA
"GJA1","PIAS1",NA,NA,NA
"GJA1","PIAS2",0.38,1.36,0.280914105
"GJA1","PIAS3",NA,NA,NA
"GJA1","PIAS4",NA,NA,NA
"GNL3","NSMCE2",4.14,3.16,1.008064184
"GNL3","PIAS1",NA,NA,NA
"GNL3","PIAS2",NA,NA,NA
"GNL3","PIAS3",NA,NA,NA
"GNL3","PIAS4",NA,NA,NA
"GOSR2","NSMCE2",NA,NA,NA
"GOSR2","PIAS1",NA,NA,NA
"GOSR2","PIAS2",0.67,1.48,0.330881419
"GOSR2","PIAS3",2.44,2.14,0.283816981
"GOSR2","PIAS4",NA,NA,NA
"GPAM","NSMCE2",NA,NA,NA
"GPAM","PIAS1",NA,NA,NA
"GPAM","PIAS2",NA,NA,NA
"GPAM","PIAS3",NA,NA,NA
"GPAM","PIAS4",0.71,2.2,0.547627095
"GPC1","NSMCE2",NA,NA,NA
"GPC1","PIAS1",NA,NA,NA
"GPC1","PIAS2",NA,NA,NA
"GPC1","PIAS3",0.42,1.54,0.535010306
"GPC1","PIAS4",NA,NA,NA
"GPC4","NSMCE2",1.92,1.34,0.733632717
"GPC4","PIAS1",NA,NA,NA
"GPC4","PIAS2",NA,NA,NA
"GPC4","PIAS3",NA,NA,NA
"GPC4","PIAS4",NA,NA,NA
"GRAMD1A","NSMCE2",NA,NA,NA
"GRAMD1A","PIAS1",NA,NA,NA
"GRAMD1A","PIAS2",0.22,1.42,0.86526
"GRAMD1A","PIAS3",NA,NA,NA
"GRAMD1A","PIAS4",NA,NA,NA
"GTF2I","NSMCE2",9.68,3.97,0.137262217
"GTF2I","PIAS1",7.2,4.84,0.283472082
"GTF2I","PIAS2",6.42,2.98,0.125665072
"GTF2I","PIAS3",NA,NA,NA
"GTF2I","PIAS4",9.05,6.02,0.108069869
"GTF2IRD1","NSMCE2",7.82,5.93,-0.024003969
"GTF2IRD1","PIAS1",6.24,8.03,0.281353942
"GTF2IRD1","PIAS2",3.95,5.04,-0.129828974
"GTF2IRD1","PIAS3",NA,NA,NA
"GTF2IRD1","PIAS4",7.03,6.86,0.110325657
"GTF3C1","NSMCE2",NA,NA,NA
"GTF3C1","PIAS1",NA,NA,NA
"GTF3C1","PIAS2",0.71,1.42,0.648950041
"GTF3C1","PIAS3",NA,NA,NA
"GTF3C1","PIAS4",NA,NA,NA
"GTF3C3","NSMCE2",NA,NA,NA
"GTF3C3","PIAS1",NA,NA,NA
"GTF3C3","PIAS2",0.24,1.45,0.557287991
"GTF3C3","PIAS3",NA,NA,NA
"GTF3C3","PIAS4",NA,NA,NA
"GTF3C4","NSMCE2",NA,NA,NA
"GTF3C4","PIAS1",NA,NA,NA
"GTF3C4","PIAS2",1.05,4.57,0.188070898
"GTF3C4","PIAS3",NA,NA,NA
"GTF3C4","PIAS4",NA,NA,NA
"GTPBP4","NSMCE2",0.4,1.68,-0.601687051
"GTPBP4","PIAS1",NA,NA,NA
"GTPBP4","PIAS2",NA,NA,NA
"GTPBP4","PIAS3",NA,NA,NA
"GTPBP4","PIAS4",NA,NA,NA
"GTSE1","NSMCE2",3.62,3.43,0.059478872
"GTSE1","PIAS1",NA,NA,NA
"GTSE1","PIAS2",NA,NA,NA
"GTSE1","PIAS3",NA,NA,NA
"GTSE1","PIAS4",NA,NA,NA
"H2BFS","NSMCE2",NA,NA,NA
"H2BFS","PIAS1",NA,NA,NA
"H2BFS","PIAS2",0.32,2.65,0.085452037
"H2BFS","PIAS3",NA,NA,NA
"H2BFS","PIAS4",NA,NA,NA
"HACD1","NSMCE2",NA,NA,NA
"HACD1","PIAS1",NA,NA,NA
"HACD1","PIAS2",NA,NA,NA
"HACD1","PIAS3",NA,NA,NA
"HACD1","PIAS4",2.49,1.79,0.598811768
"HAT1","NSMCE2",NA,NA,NA
"HAT1","PIAS1",NA,NA,NA
"HAT1","PIAS2",0.7,1.34,0.810566493
"HAT1","PIAS3",NA,NA,NA
"HAT1","PIAS4",NA,NA,NA
"HDAC1","NSMCE2",1.99,4.11,0.548271654
"HDAC1","PIAS1",2.38,2.41,0.786451646
"HDAC1","PIAS2",NA,NA,NA
"HDAC1","PIAS3",NA,NA,NA
"HDAC1","PIAS4",3.09,1.55,0.169348013
"HDAC9","NSMCE2",3.15,4.08,0.33661691
"HDAC9","PIAS1",NA,NA,NA
"HDAC9","PIAS2",NA,NA,NA
"HDAC9","PIAS3",NA,NA,NA
"HDAC9","PIAS4",NA,NA,NA
"HDX","NSMCE2",4.59,4.14,0.352577941
"HDX","PIAS1",NA,NA,NA
"HDX","PIAS2",NA,NA,NA
"HDX","PIAS3",NA,NA,NA
"HDX","PIAS4",NA,NA,NA
"HEATR1","NSMCE2",0.47,1.41,-0.38244906
"HEATR1","PIAS1",NA,NA,NA
"HEATR1","PIAS2",NA,NA,NA
"HEATR1","PIAS3",NA,NA,NA
"HEATR1","PIAS4",NA,NA,NA
"HIPK1","NSMCE2",5.25,6.39,-0.007878248
"HIPK1","PIAS1",3.2,2.01,-0.007500686
"HIPK1","PIAS2",NA,NA,NA
"HIPK1","PIAS3",NA,NA,NA
"HIPK1","PIAS4",3.93,4.84,0.293210502
"HIST1H1A","NSMCE2",NA,NA,NA
"HIST1H1A","PIAS1",NA,NA,NA
"HIST1H1A","PIAS2",NA,NA,NA
"HIST1H1A","PIAS3",0.45,1.51,1.767159361
"HIST1H1A","PIAS4",NA,NA,NA
"HIST1H1C","NSMCE2",NA,NA,NA
"HIST1H1C","PIAS1",NA,NA,NA
"HIST1H1C","PIAS2",NA,NA,NA
"HIST1H1C","PIAS3",0.54,1.69,1.367156191
"HIST1H1C","PIAS4",NA,NA,NA
"HIST1H1D","NSMCE2",NA,NA,NA
"HIST1H1D","PIAS1",NA,NA,NA
"HIST1H1D","PIAS2",NA,NA,NA
"HIST1H1D","PIAS3",0.54,1.4,1.471417629
"HIST1H1D","PIAS4",NA,NA,NA
"HIST1H1E","NSMCE2",NA,NA,NA
"HIST1H1E","PIAS1",NA,NA,NA
"HIST1H1E","PIAS2",NA,NA,NA
"HIST1H1E","PIAS3",0.54,1.4,1.471417629
"HIST1H1E","PIAS4",NA,NA,NA
"HIST1H2BC,HIST1H2BK,HIST1H2BN,HIST1H2BM,HIST1H2BH,HIST2H2BF,HIST1H2BD,H2BFS","NSMCE2",NA,NA,NA
"HIST1H2BC,HIST1H2BK,HIST1H2BN,HIST1H2BM,HIST1H2BH,HIST2H2BF,HIST1H2BD,H2BFS","PIAS1",NA,NA,NA
"HIST1H2BC,HIST1H2BK,HIST1H2BN,HIST1H2BM,HIST1H2BH,HIST2H2BF,HIST1H2BD,H2BFS","PIAS2",0.32,2.65,0.085452037
"HIST1H2BC,HIST1H2BK,HIST1H2BN,HIST1H2BM,HIST1H2BH,HIST2H2BF,HIST1H2BD,H2BFS","PIAS3",NA,NA,NA
"HIST1H2BC,HIST1H2BK,HIST1H2BN,HIST1H2BM,HIST1H2BH,HIST2H2BF,HIST1H2BD,H2BFS","PIAS4",NA,NA,NA
"HIST1H2BD","NSMCE2",NA,NA,NA
"HIST1H2BD","PIAS1",NA,NA,NA
"HIST1H2BD","PIAS2",0.32,2.65,0.085452037
"HIST1H2BD","PIAS3",NA,NA,NA
"HIST1H2BD","PIAS4",NA,NA,NA
"HIST1H2BH","NSMCE2",NA,NA,NA
"HIST1H2BH","PIAS1",NA,NA,NA
"HIST1H2BH","PIAS2",0.32,2.65,0.085452037
"HIST1H2BH","PIAS3",NA,NA,NA
"HIST1H2BH","PIAS4",NA,NA,NA
"HIST1H2BK","NSMCE2",NA,NA,NA
"HIST1H2BK","PIAS1",NA,NA,NA
"HIST1H2BK","PIAS2",0.32,2.65,0.085452037
"HIST1H2BK","PIAS3",NA,NA,NA
"HIST1H2BK","PIAS4",NA,NA,NA
"HIST1H2BM","NSMCE2",NA,NA,NA
"HIST1H2BM","PIAS1",NA,NA,NA
"HIST1H2BM","PIAS2",0.32,2.65,0.085452037
"HIST1H2BM","PIAS3",NA,NA,NA
"HIST1H2BM","PIAS4",NA,NA,NA
"HIST1H2BN","NSMCE2",NA,NA,NA
"HIST1H2BN","PIAS1",NA,NA,NA
"HIST1H2BN","PIAS2",0.32,2.65,0.085452037
"HIST1H2BN","PIAS3",NA,NA,NA
"HIST1H2BN","PIAS4",NA,NA,NA
"HIST2H2BF","NSMCE2",NA,NA,NA
"HIST2H2BF","PIAS1",NA,NA,NA
"HIST2H2BF","PIAS2",0.32,2.65,0.085452037
"HIST2H2BF","PIAS3",NA,NA,NA
"HIST2H2BF","PIAS4",NA,NA,NA
"HJURP","NSMCE2",4.28,3.76,-0.023875283
"HJURP","PIAS1",NA,NA,NA
"HJURP","PIAS2",NA,NA,NA
"HJURP","PIAS3",NA,NA,NA
"HJURP","PIAS4",4.31,3.78,0.228834613
"HLA-A","NSMCE2",NA,NA,NA
"HLA-A","PIAS1",0.75,1.5,1.228827802
"HLA-A","PIAS2",NA,NA,NA
"HLA-A","PIAS3",NA,NA,NA
"HLA-A","PIAS4",NA,NA,NA
"HMBOX1","NSMCE2",5.96,5.4,0.438594776
"HMBOX1","PIAS1",NA,NA,NA
"HMBOX1","PIAS2",NA,NA,NA
"HMBOX1","PIAS3",NA,NA,NA
"HMBOX1","PIAS4",NA,NA,NA
"HMCES","NSMCE2",2.67,1.31,-0.653665747
"HMCES","PIAS1",NA,NA,NA
"HMCES","PIAS2",NA,NA,NA
"HMCES","PIAS3",NA,NA,NA
"HMCES","PIAS4",3.37,1.51,-0.182192563
"HMG20B","NSMCE2",6.53,5.25,0.004760146
"HMG20B","PIAS1",5.5,5.78,0.13108505
"HMG20B","PIAS2",NA,NA,NA
"HMG20B","PIAS3",NA,NA,NA
"HMG20B","PIAS4",6.3,5.17,0.031622834
"HMOX1","NSMCE2",NA,NA,NA
"HMOX1","PIAS1",NA,NA,NA
"HMOX1","PIAS2",0.55,1.52,0.194704262
"HMOX1","PIAS3",NA,NA,NA
"HMOX1","PIAS4",NA,NA,NA
"HMOX2","NSMCE2",NA,NA,NA
"HMOX2","PIAS1",NA,NA,NA
"HMOX2","PIAS2",0.28,1.49,0.32869329
"HMOX2","PIAS3",NA,NA,NA
"HMOX2","PIAS4",NA,NA,NA
"HNRNPA0","NSMCE2",3.83,3.43,0.429160217
"HNRNPA0","PIAS1",NA,NA,NA
"HNRNPA0","PIAS2",NA,NA,NA
"HNRNPA0","PIAS3",NA,NA,NA
"HNRNPA0","PIAS4",NA,NA,NA
"HNRNPC","NSMCE2",3.65,3.64,0.790894672
"HNRNPC","PIAS1",NA,NA,NA
"HNRNPC","PIAS2",2.18,1.35,0.178012115
"HNRNPC","PIAS3",NA,NA,NA
"HNRNPC","PIAS4",NA,NA,NA
"HNRNPK","NSMCE2",NA,NA,NA
"HNRNPK","PIAS1",NA,NA,NA
"HNRNPK","PIAS2",0.59,1.48,0.317747115
"HNRNPK","PIAS3",NA,NA,NA
"HNRNPK","PIAS4",NA,NA,NA
"HNRNPM","NSMCE2",2.41,3.41,0.303095126
"HNRNPM","PIAS1",NA,NA,NA
"HNRNPM","PIAS2",0.45,1.74,0.335271812
"HNRNPM","PIAS3",NA,NA,NA
"HNRNPM","PIAS4",4.77,2.94,-0.049617751
"HSD17B12","NSMCE2",NA,NA,NA
"HSD17B12","PIAS1",NA,NA,NA
"HSD17B12","PIAS2",0.34,1.47,0.159326504
"HSD17B12","PIAS3",NA,NA,NA
"HSD17B12","PIAS4",NA,NA,NA
"HSF1","NSMCE2",6.66,4.94,0.342827305
"HSF1","PIAS1",3.69,1.62,0.084520207
"HSF1","PIAS2",NA,NA,NA
"HSF1","PIAS3",NA,NA,NA
"HSF1","PIAS4",5.25,4.75,0.111728877
"HSF2","NSMCE2",5.2,5.06,0.295168811
"HSF2","PIAS1",NA,NA,NA
"HSF2","PIAS2",NA,NA,NA
"HSF2","PIAS3",NA,NA,NA
"HSF2","PIAS4",4.28,3.84,0.392539586
"HSPA1A","NSMCE2",1.73,2.98,0.245269806
"HSPA1A","PIAS1",0.82,1.54,1.00206622
"HSPA1A","PIAS2",NA,NA,NA
"HSPA1A","PIAS3",2.09,1.68,0.140523279
"HSPA1A","PIAS4",1.3,1.34,-0.3115503
"HSPA1B","NSMCE2",1.73,2.98,0.245269806
"HSPA1B","PIAS1",0.82,1.54,1.00206622
"HSPA1B","PIAS2",NA,NA,NA
"HSPA1B","PIAS3",2.09,1.68,0.140523279
"HSPA1B","PIAS4",1.3,1.34,-0.3115503
"HSPA6","NSMCE2",2.69,1.35,0.94437614
"HSPA6","PIAS1",NA,NA,NA
"HSPA6","PIAS2",NA,NA,NA
"HSPA6","PIAS3",NA,NA,NA
"HSPA6","PIAS4",NA,NA,NA
"HSPA8","NSMCE2",1.94,3,0.398038551
"HSPA8","PIAS1",1.74,1.43,-0.462347963
"HSPA8","PIAS2",NA,NA,NA
"HSPA8","PIAS3",NA,NA,NA
"HSPA8","PIAS4",NA,NA,NA
"HSPA9","NSMCE2",NA,NA,NA
"HSPA9","PIAS1",NA,NA,NA
"HSPA9","PIAS2",0.17,1.48,1.095079559
"HSPA9","PIAS3",NA,NA,NA
"HSPA9","PIAS4",NA,NA,NA
"HSPB1","NSMCE2",NA,NA,NA
"HSPB1","PIAS1",NA,NA,NA
"HSPB1","PIAS2",NA,NA,NA
"HSPB1","PIAS3",NA,NA,NA
"HSPB1","PIAS4",3.46,2.45,-0.061565203
"IARS2","NSMCE2",NA,NA,NA
"IARS2","PIAS1",NA,NA,NA
"IARS2","PIAS2",0.32,2.82,-0.620192395
"IARS2","PIAS3",NA,NA,NA
"IARS2","PIAS4",NA,NA,NA
"IFI16","NSMCE2",5.19,5.16,0.102044793
"IFI16","PIAS1",NA,NA,NA
"IFI16","PIAS2",NA,NA,NA
"IFI16","PIAS3",NA,NA,NA
"IFI16","PIAS4",5.09,7.2,0.620996038
"IKZF2","NSMCE2",4.57,5.18,0.8335784
"IKZF2","PIAS1",NA,NA,NA
"IKZF2","PIAS2",NA,NA,NA
"IKZF2","PIAS3",NA,NA,NA
"IKZF2","PIAS4",3.33,2.15,0.95916943
"ILF2","NSMCE2",NA,NA,NA
"ILF2","PIAS1",NA,NA,NA
"ILF2","PIAS2",0.53,2.66,0.501406504
"ILF2","PIAS3",NA,NA,NA
"ILF2","PIAS4",NA,NA,NA
"IMPAD1","NSMCE2",NA,NA,NA
"IMPAD1","PIAS1",NA,NA,NA
"IMPAD1","PIAS2",0.64,2.73,0.526177326
"IMPAD1","PIAS3",NA,NA,NA
"IMPAD1","PIAS4",NA,NA,NA
"INTS12","NSMCE2",4.02,4.31,0.523293023
"INTS12","PIAS1",NA,NA,NA
"INTS12","PIAS2",NA,NA,NA
"INTS12","PIAS3",NA,NA,NA
"INTS12","PIAS4",NA,NA,NA
"INTS4","NSMCE2",NA,NA,NA
"INTS4","PIAS1",2.81,1.47,0.125269169
"INTS4","PIAS2",NA,NA,NA
"INTS4","PIAS3",NA,NA,NA
"INTS4","PIAS4",NA,NA,NA
"INTS7","NSMCE2",NA,NA,NA
"INTS7","PIAS1",NA,NA,NA
"INTS7","PIAS2",2.54,1.68,0.730231707
"INTS7","PIAS3",NA,NA,NA
"INTS7","PIAS4",NA,NA,NA
"IPO7","NSMCE2",NA,NA,NA
"IPO7","PIAS1",NA,NA,NA
"IPO7","PIAS2",0.26,1.41,0.360846278
"IPO7","PIAS3",NA,NA,NA
"IPO7","PIAS4",NA,NA,NA
"IQGAP1","NSMCE2",NA,NA,NA
"IQGAP1","PIAS1",NA,NA,NA
"IQGAP1","PIAS2",NA,NA,NA
"IQGAP1","PIAS3",2.19,1.65,-0.155065984
"IQGAP1","PIAS4",NA,NA,NA
"JMJD1C","NSMCE2",NA,NA,NA
"JMJD1C","PIAS1",NA,NA,NA
"JMJD1C","PIAS2",NA,NA,NA
"JMJD1C","PIAS3",0.63,1.86,1.443913477
"JMJD1C","PIAS4",NA,NA,NA
"KAT7","NSMCE2",1.87,3.59,1.33483714
"KAT7","PIAS1",NA,NA,NA
"KAT7","PIAS2",NA,NA,NA
"KAT7","PIAS3",NA,NA,NA
"KAT7","PIAS4",NA,NA,NA
"KCTD1","NSMCE2",5.14,6.18,0.196527293
"KCTD1","PIAS1",4.01,5.53,0.663596844
"KCTD1","PIAS2",NA,NA,NA
"KCTD1","PIAS3",NA,NA,NA
"KCTD1","PIAS4",4.02,3.49,0.056611754
"KCTD15","NSMCE2",4.63,4.14,0.319220834
"KCTD15","PIAS1",NA,NA,NA
"KCTD15","PIAS2",NA,NA,NA
"KCTD15","PIAS3",NA,NA,NA
"KCTD15","PIAS4",NA,NA,NA
"KDM4A","NSMCE2",2.81,4.76,0.059467227
"KDM4A","PIAS1",NA,NA,NA
"KDM4A","PIAS2",NA,NA,NA
"KDM4A","PIAS3",NA,NA,NA
"KDM4A","PIAS4",NA,NA,NA
"KDM5B","NSMCE2",3.96,5.17,0.076234519
"KDM5B","PIAS1",NA,NA,NA
"KDM5B","PIAS2",NA,NA,NA
"KDM5B","PIAS3",NA,NA,NA
"KDM5B","PIAS4",2.76,1.63,0.136177829
"KIAA1551","NSMCE2",5.01,3.99,0.254665833
"KIAA1551","PIAS1",NA,NA,NA
"KIAA1551","PIAS2",NA,NA,NA
"KIAA1551","PIAS3",NA,NA,NA
"KIAA1551","PIAS4",NA,NA,NA
"KIF18A","NSMCE2",3.56,4.91,0.28106023
"KIF18A","PIAS1",NA,NA,NA
"KIF18A","PIAS2",NA,NA,NA
"KIF18A","PIAS3",NA,NA,NA
"KIF18A","PIAS4",NA,NA,NA
"KIF23","NSMCE2",3.96,6.77,-0.085426087
"KIF23","PIAS1",NA,NA,NA
"KIF23","PIAS2",NA,NA,NA
"KIF23","PIAS3",NA,NA,NA
"KIF23","PIAS4",NA,NA,NA
"KLF5","NSMCE2",NA,NA,NA
"KLF5","PIAS1",NA,NA,NA
"KLF5","PIAS2",NA,NA,NA
"KLF5","PIAS3",NA,NA,NA
"KLF5","PIAS4",4.7,4.47,0.341819772
"KMT2E","NSMCE2",NA,NA,NA
"KMT2E","PIAS1",NA,NA,NA
"KMT2E","PIAS2",0.54,1.46,1.338561596
"KMT2E","PIAS3",NA,NA,NA
"KMT2E","PIAS4",NA,NA,NA
"KPNA2","NSMCE2",NA,NA,NA
"KPNA2","PIAS1",NA,NA,NA
"KPNA2","PIAS2",0.83,3.64,0.30395078
"KPNA2","PIAS3",NA,NA,NA
"KPNA2","PIAS4",NA,NA,NA
"KPNB1","NSMCE2",NA,NA,NA
"KPNB1","PIAS1",NA,NA,NA
"KPNB1","PIAS2",0.22,1.61,0.243094045
"KPNB1","PIAS3",NA,NA,NA
"KPNB1","PIAS4",NA,NA,NA
"KRTCAP2","NSMCE2",NA,NA,NA
"KRTCAP2","PIAS1",NA,NA,NA
"KRTCAP2","PIAS2",2.02,1.38,1.119759384
"KRTCAP2","PIAS3",NA,NA,NA
"KRTCAP2","PIAS4",NA,NA,NA
"L3MBTL2","NSMCE2",4.69,6.6,0.159426827
"L3MBTL2","PIAS1",NA,NA,NA
"L3MBTL2","PIAS2",NA,NA,NA
"L3MBTL2","PIAS3",NA,NA,NA
"L3MBTL2","PIAS4",4.56,4.59,0.074307566
"LAS1L","NSMCE2",3.34,3.8,1.057269198
"LAS1L","PIAS1",NA,NA,NA
"LAS1L","PIAS2",NA,NA,NA
"LAS1L","PIAS3",NA,NA,NA
"LAS1L","PIAS4",NA,NA,NA
"LAZSUL","NSMCE2",6.62,3.99,0.135039319
"LAZSUL","PIAS1",NA,NA,NA
"LAZSUL","PIAS2",NA,NA,NA
"LAZSUL","PIAS3",NA,NA,NA
"LAZSUL","PIAS4",3.31,3.36,-0.084175733
"LDLR","NSMCE2",NA,NA,NA
"LDLR","PIAS1",NA,NA,NA
"LDLR","PIAS2",NA,NA,NA
"LDLR","PIAS3",0.49,1.33,0.839543817
"LDLR","PIAS4",NA,NA,NA
"LIN37","NSMCE2",NA,NA,NA
"LIN37","PIAS1",NA,NA,NA
"LIN37","PIAS2",NA,NA,NA
"LIN37","PIAS3",NA,NA,NA
"LIN37","PIAS4",1.5,1.45,-0.44510547
"LIN54","NSMCE2",1.6,1.97,-0.797918767
"LIN54","PIAS1",NA,NA,NA
"LIN54","PIAS2",NA,NA,NA
"LIN54","PIAS3",NA,NA,NA
"LIN54","PIAS4",NA,NA,NA
"LMNB1","NSMCE2",1.48,2.52,1.042907101
"LMNB1","PIAS1",NA,NA,NA
"LMNB1","PIAS2",NA,NA,NA
"LMNB1","PIAS3",NA,NA,NA
"LMNB1","PIAS4",NA,NA,NA
"LNP","NSMCE2",NA,NA,NA
"LNP","PIAS1",NA,NA,NA
"LNP","PIAS2",0.43,1.68,0.171427499
"LNP","PIAS3",NA,NA,NA
"LNP","PIAS4",NA,NA,NA
"LRRC42","NSMCE2",4.34,5.85,-0.115941044
"LRRC42","PIAS1",NA,NA,NA
"LRRC42","PIAS2",NA,NA,NA
"LRRC42","PIAS3",NA,NA,NA
"LRRC42","PIAS4",4.85,4.02,0.238973694
"LSS","NSMCE2",NA,NA,NA
"LSS","PIAS1",NA,NA,NA
"LSS","PIAS2",0.39,1.66,0.025817016
"LSS","PIAS3",NA,NA,NA
"LSS","PIAS4",NA,NA,NA
"MAFG","NSMCE2",2.98,1.33,-0.322453424
"MAFG","PIAS1",NA,NA,NA
"MAFG","PIAS2",NA,NA,NA
"MAFG","PIAS3",NA,NA,NA
"MAFG","PIAS4",NA,NA,NA
"MAGEA4","NSMCE2",NA,NA,NA
"MAGEA4","PIAS1",NA,NA,NA
"MAGEA4","PIAS2",2.3,1.76,0.848865113
"MAGEA4","PIAS3",NA,NA,NA
"MAGEA4","PIAS4",NA,NA,NA
"MAGED1","NSMCE2",NA,NA,NA
"MAGED1","PIAS1",NA,NA,NA
"MAGED1","PIAS2",3.42,4.56,0.525431636
"MAGED1","PIAS3",NA,NA,NA
"MAGED1","PIAS4",NA,NA,NA
"MAGED2","NSMCE2",NA,NA,NA
"MAGED2","PIAS1",NA,NA,NA
"MAGED2","PIAS2",0.93,1.76,0.446603224
"MAGED2","PIAS3",NA,NA,NA
"MAGED2","PIAS4",NA,NA,NA
"MARS","NSMCE2",NA,NA,NA
"MARS","PIAS1",NA,NA,NA
"MARS","PIAS2",0.64,2.29,0.331522056
"MARS","PIAS3",NA,NA,NA
"MARS","PIAS4",NA,NA,NA
"MAU2","NSMCE2",2.63,1.62,-0.123440212
"MAU2","PIAS1",NA,NA,NA
"MAU2","PIAS2",NA,NA,NA
"MAU2","PIAS3",NA,NA,NA
"MAU2","PIAS4",NA,NA,NA
"MAZ","NSMCE2",NA,NA,NA
"MAZ","PIAS1",NA,NA,NA
"MAZ","PIAS2",2.77,1.31,-0.032191837
"MAZ","PIAS3",NA,NA,NA
"MAZ","PIAS4",NA,NA,NA
"MBD1","NSMCE2",4.6,6.59,0.191857134
"MBD1","PIAS1",3.48,3.97,0.768347958
"MBD1","PIAS2",2.59,3.09,-0.134791506
"MBD1","PIAS3",NA,NA,NA
"MBD1","PIAS4",4.39,4.73,0.224477912
"MCM10","NSMCE2",5.03,6,-0.102710172
"MCM10","PIAS1",NA,NA,NA
"MCM10","PIAS2",NA,NA,NA
"MCM10","PIAS3",NA,NA,NA
"MCM10","PIAS4",NA,NA,NA
"MCU","NSMCE2",NA,NA,NA
"MCU","PIAS1",NA,NA,NA
"MCU","PIAS2",0.74,2.62,-0.137116975
"MCU","PIAS3",NA,NA,NA
"MCU","PIAS4",NA,NA,NA
"MDH2","NSMCE2",NA,NA,NA
"MDH2","PIAS1",NA,NA,NA
"MDH2","PIAS2",NA,NA,NA
"MDH2","PIAS3",NA,NA,NA
"MDH2","PIAS4",2.43,1.46,0.387325835
"MED12","NSMCE2",NA,NA,NA
"MED12","PIAS1",NA,NA,NA
"MED12","PIAS2",NA,NA,NA
"MED12","PIAS3",0.21,2.16,1.516274142
"MED12","PIAS4",NA,NA,NA
"MED6","NSMCE2",2.33,3.3,1.114398475
"MED6","PIAS1",NA,NA,NA
"MED6","PIAS2",NA,NA,NA
"MED6","PIAS3",NA,NA,NA
"MED6","PIAS4",NA,NA,NA
"MEF2D","NSMCE2",3.57,4.78,1.058485825
"MEF2D","PIAS1",NA,NA,NA
"MEF2D","PIAS2",NA,NA,NA
"MEF2D","PIAS3",NA,NA,NA
"MEF2D","PIAS4",NA,NA,NA
"MFN2","NSMCE2",NA,NA,NA
"MFN2","PIAS1",NA,NA,NA
"MFN2","PIAS2",0.31,1.36,0.313981169
"MFN2","PIAS3",NA,NA,NA
"MFN2","PIAS4",NA,NA,NA
"MGA","NSMCE2",6.95,6.86,0.216243587
"MGA","PIAS1",NA,NA,NA
"MGA","PIAS2",NA,NA,NA
"MGA","PIAS3",NA,NA,NA
"MGA","PIAS4",5.05,4.24,0.150422111
"MGAT2","NSMCE2",NA,NA,NA
"MGAT2","PIAS1",NA,NA,NA
"MGAT2","PIAS2",0.43,2.02,0.323397064
"MGAT2","PIAS3",NA,NA,NA
"MGAT2","PIAS4",NA,NA,NA
"MIS18BP1","NSMCE2",7.04,5.81,-0.077777072
"MIS18BP1","PIAS1",NA,NA,NA
"MIS18BP1","PIAS2",NA,NA,NA
"MIS18BP1","PIAS3",NA,NA,NA
"MIS18BP1","PIAS4",5.37,5.62,0.344413614
"MKI67","NSMCE2",0.68,1.63,-0.277878129
"MKI67","PIAS1",NA,NA,NA
"MKI67","PIAS2",NA,NA,NA
"MKI67","PIAS3",NA,NA,NA
"MKI67","PIAS4",1.9,1.44,0.041027565
"MORC2","NSMCE2",3.74,1.71,-0.034981752
"MORC2","PIAS1",NA,NA,NA
"MORC2","PIAS2",NA,NA,NA
"MORC2","PIAS3",NA,NA,NA
"MORC2","PIAS4",NA,NA,NA
"MORC3","NSMCE2",8.27,7.24,0.05453194
"MORC3","PIAS1",5.58,5.49,0.09549096
"MORC3","PIAS2",4.63,4.2,-0.03123471
"MORC3","PIAS3",NA,NA,NA
"MORC3","PIAS4",7.48,7.72,0.066228123
"MPHOSPH10","NSMCE2",5.96,6.06,1.092767958
"MPHOSPH10","PIAS1",NA,NA,NA
"MPHOSPH10","PIAS2",NA,NA,NA
"MPHOSPH10","PIAS3",NA,NA,NA
"MPHOSPH10","PIAS4",NA,NA,NA
"MRPS27","NSMCE2",NA,NA,NA
"MRPS27","PIAS1",NA,NA,NA
"MRPS27","PIAS2",0.78,1.68,0.191894777
"MRPS27","PIAS3",NA,NA,NA
"MRPS27","PIAS4",NA,NA,NA
"MSANTD4","NSMCE2",8.29,6.48,0.152363109
"MSANTD4","PIAS1",NA,NA,NA
"MSANTD4","PIAS2",NA,NA,NA
"MSANTD4","PIAS3",NA,NA,NA
"MSANTD4","PIAS4",6.4,4.71,1.095516765
"MSH6","NSMCE2",4.55,3.78,0.251570774
"MSH6","PIAS1",NA,NA,NA
"MSH6","PIAS2",NA,NA,NA
"MSH6","PIAS3",NA,NA,NA
"MSH6","PIAS4",NA,NA,NA
"MSMO1","NSMCE2",NA,NA,NA
"MSMO1","PIAS1",2.66,1.57,-0.00196833
"MSMO1","PIAS2",NA,NA,NA
"MSMO1","PIAS3",NA,NA,NA
"MSMO1","PIAS4",NA,NA,NA
"MTUS1","NSMCE2",4.79,6.04,0.163840903
"MTUS1","PIAS1",NA,NA,NA
"MTUS1","PIAS2",NA,NA,NA
"MTUS1","PIAS3",NA,NA,NA
"MTUS1","PIAS4",NA,NA,NA
"MTX1","NSMCE2",NA,NA,NA
"MTX1","PIAS1",NA,NA,NA
"MTX1","PIAS2",0.51,2.35,0.355560177
"MTX1","PIAS3",NA,NA,NA
"MTX1","PIAS4",NA,NA,NA
"MYBL2","NSMCE2",3.68,1.71,-0.431426085
"MYBL2","PIAS1",3,1.83,0.656784014
"MYBL2","PIAS2",NA,NA,NA
"MYBL2","PIAS3",NA,NA,NA
"MYBL2","PIAS4",5.62,3.84,0.224311852
"MYC","NSMCE2",4.77,5.77,-0.104493859
"MYC","PIAS1",NA,NA,NA
"MYC","PIAS2",NA,NA,NA
"MYC","PIAS3",NA,NA,NA
"MYC","PIAS4",NA,NA,NA
"MYO19","NSMCE2",NA,NA,NA
"MYO19","PIAS1",3.1,1.84,0.518955114
"MYO19","PIAS2",NA,NA,NA
"MYO19","PIAS3",NA,NA,NA
"MYO19","PIAS4",NA,NA,NA
"MYO1B","NSMCE2",NA,NA,NA
"MYO1B","PIAS1",NA,NA,NA
"MYO1B","PIAS2",NA,NA,NA
"MYO1B","PIAS3",0.27,1.73,0.33618025
"MYO1B","PIAS4",NA,NA,NA
"NAB1","NSMCE2",7.43,5.96,0.17023685
"NAB1","PIAS1",1.34,1.35,-0.015190134
"NAB1","PIAS2",NA,NA,NA
"NAB1","PIAS3",NA,NA,NA
"NAB1","PIAS4",3.89,3.41,0.123359876
"NAB2","NSMCE2",6.54,6.82,0.089590308
"NAB2","PIAS1",4.02,3.48,-0.231290623
"NAB2","PIAS2",NA,NA,NA
"NAB2","PIAS3",NA,NA,NA
"NAB2","PIAS4",5.73,4.96,0.11276647
"NAP1L3","NSMCE2",4.04,5.11,0.430030045
"NAP1L3","PIAS1",NA,NA,NA
"NAP1L3","PIAS2",NA,NA,NA
"NAP1L3","PIAS3",NA,NA,NA
"NAP1L3","PIAS4",NA,NA,NA
"NAT10","NSMCE2",NA,NA,NA
"NAT10","PIAS1",NA,NA,NA
"NAT10","PIAS2",0.36,2.24,-0.017025588
"NAT10","PIAS3",NA,NA,NA
"NAT10","PIAS4",NA,NA,NA
"NAT14","NSMCE2",3.08,1.46,0.608190611
"NAT14","PIAS1",NA,NA,NA
"NAT14","PIAS2",NA,NA,NA
"NAT14","PIAS3",NA,NA,NA
"NAT14","PIAS4",NA,NA,NA
"NCBP1","NSMCE2",NA,NA,NA
"NCBP1","PIAS1",NA,NA,NA
"NCBP1","PIAS2",NA,NA,NA
"NCBP1","PIAS3",0.22,1.39,1.025085471
"NCBP1","PIAS4",NA,NA,NA
"NCLN","NSMCE2",NA,NA,NA
"NCLN","PIAS1",NA,NA,NA
"NCLN","PIAS2",0.25,1.34,-0.06931036
"NCLN","PIAS3",NA,NA,NA
"NCLN","PIAS4",NA,NA,NA
"NDUFC2","NSMCE2",NA,NA,NA
"NDUFC2","PIAS1",NA,NA,NA
"NDUFC2","PIAS2",0.87,2.81,0.034243689
"NDUFC2","PIAS3",NA,NA,NA
"NDUFC2","PIAS4",NA,NA,NA
"NELFCD","NSMCE2",NA,NA,NA
"NELFCD","PIAS1",NA,NA,NA
"NELFCD","PIAS2",0.35,1.56,0.44051563
"NELFCD","PIAS3",NA,NA,NA
"NELFCD","PIAS4",NA,NA,NA
"NFIX","NSMCE2",2.65,1.51,1.596400288
"NFIX","PIAS1",NA,NA,NA
"NFIX","PIAS2",NA,NA,NA
"NFIX","PIAS3",0.36,1.7,1.409370708
"NFIX","PIAS4",NA,NA,NA
"NFRKB","NSMCE2",3.53,3.67,0.30833983
"NFRKB","PIAS1",NA,NA,NA
"NFRKB","PIAS2",NA,NA,NA
"NFRKB","PIAS3",NA,NA,NA
"NFRKB","PIAS4",4.2,3.68,0.804907328
"NHP2","NSMCE2",4.52,3.91,0.829952137
"NHP2","PIAS1",NA,NA,NA
"NHP2","PIAS2",NA,NA,NA
"NHP2","PIAS3",NA,NA,NA
"NHP2","PIAS4",NA,NA,NA
"NIFK","NSMCE2",7.69,6.09,0.493758313
"NIFK","PIAS1",NA,NA,NA
"NIFK","PIAS2",NA,NA,NA
"NIFK","PIAS3",NA,NA,NA
"NIFK","PIAS4",NA,NA,NA
"NLRX1","NSMCE2",NA,NA,NA
"NLRX1","PIAS1",NA,NA,NA
"NLRX1","PIAS2",1.62,1.74,1.406690652
"NLRX1","PIAS3",NA,NA,NA
"NLRX1","PIAS4",NA,NA,NA
"NOC3L","NSMCE2",NA,NA,NA
"NOC3L","PIAS1",NA,NA,NA
"NOC3L","PIAS2",0.43,2.42,-0.355321349
"NOC3L","PIAS3",NA,NA,NA
"NOC3L","PIAS4",NA,NA,NA
"NOC4L","NSMCE2",NA,NA,NA
"NOC4L","PIAS1",NA,NA,NA
"NOC4L","PIAS2",0.28,2.2,0.27736328
"NOC4L","PIAS3",NA,NA,NA
"NOC4L","PIAS4",NA,NA,NA
"NOL10","NSMCE2",3.19,3.37,1.159144827
"NOL10","PIAS1",NA,NA,NA
"NOL10","PIAS2",NA,NA,NA
"NOL10","PIAS3",NA,NA,NA
"NOL10","PIAS4",NA,NA,NA
"NOLC1","NSMCE2",2.99,1.81,1.40203395
"NOLC1","PIAS1",NA,NA,NA
"NOLC1","PIAS2",NA,NA,NA
"NOLC1","PIAS3",NA,NA,NA
"NOLC1","PIAS4",NA,NA,NA
"NOP2","NSMCE2",3.04,4.29,0.832489289
"NOP2","PIAS1",NA,NA,NA
"NOP2","PIAS2",NA,NA,NA
"NOP2","PIAS3",NA,NA,NA
"NOP2","PIAS4",NA,NA,NA
"NOP56","NSMCE2",0.8,1.5,0.185671045
"NOP56","PIAS1",NA,NA,NA
"NOP56","PIAS2",NA,NA,NA
"NOP56","PIAS3",NA,NA,NA
"NOP56","PIAS4",NA,NA,NA
"NOP58","NSMCE2",7.03,4.52,0.414851971
"NOP58","PIAS1",1.02,2.19,0.759977946
"NOP58","PIAS2",NA,NA,NA
"NOP58","PIAS3",NA,NA,NA
"NOP58","PIAS4",3.6,2.86,0.157157082
"NOP9","NSMCE2",NA,NA,NA
"NOP9","PIAS1",NA,NA,NA
"NOP9","PIAS2",0.24,2.95,-0.592608811
"NOP9","PIAS3",NA,NA,NA
"NOP9","PIAS4",NA,NA,NA
"NPAT","NSMCE2",8.16,6.19,0.21835908
"NPAT","PIAS1",NA,NA,NA
"NPAT","PIAS2",NA,NA,NA
"NPAT","PIAS3",NA,NA,NA
"NPAT","PIAS4",5.71,5.51,0.260946988
"NPC1","NSMCE2",NA,NA,NA
"NPC1","PIAS1",1.86,1.56,0.92679949
"NPC1","PIAS2",NA,NA,NA
"NPC1","PIAS3",NA,NA,NA
"NPC1","PIAS4",NA,NA,NA
"NPEPPS","NSMCE2",NA,NA,NA
"NPEPPS","PIAS1",NA,NA,NA
"NPEPPS","PIAS2",1.06,2.91,0.451440298
"NPEPPS","PIAS3",NA,NA,NA
"NPEPPS","PIAS4",NA,NA,NA
"NPEPPSL1","NSMCE2",NA,NA,NA
"NPEPPSL1","PIAS1",NA,NA,NA
"NPEPPSL1","PIAS2",1.06,2.91,0.451440298
"NPEPPSL1","PIAS3",NA,NA,NA
"NPEPPSL1","PIAS4",NA,NA,NA
"NPM1","NSMCE2",1.89,2.8,1.059143232
"NPM1","PIAS1",NA,NA,NA
"NPM1","PIAS2",NA,NA,NA
"NPM1","PIAS3",NA,NA,NA
"NPM1","PIAS4",NA,NA,NA
"NR3C1","NSMCE2",NA,NA,NA
"NR3C1","PIAS1",NA,NA,NA
"NR3C1","PIAS2",NA,NA,NA
"NR3C1","PIAS3",NA,NA,NA
"NR3C1","PIAS4",2.44,1.53,0.150616475
"NRIP1","NSMCE2",3.24,4.73,-0.004282129
"NRIP1","PIAS1",1.95,1.63,0.048859942
"NRIP1","PIAS2",NA,NA,NA
"NRIP1","PIAS3",NA,NA,NA
"NRIP1","PIAS4",2.71,1.36,-0.071674992
"NTM","NSMCE2",NA,NA,NA
"NTM","PIAS1",NA,NA,NA
"NTM","PIAS2",1.4,1.58,0.736546227
"NTM","PIAS3",NA,NA,NA
"NTM","PIAS4",NA,NA,NA
"NUP133","NSMCE2",NA,NA,NA
"NUP133","PIAS1",NA,NA,NA
"NUP133","PIAS2",NA,NA,NA
"NUP133","PIAS3",NA,NA,NA
"NUP133","PIAS4",2.81,1.49,0.111410703
"NUP155","NSMCE2",NA,NA,NA
"NUP155","PIAS1",NA,NA,NA
"NUP155","PIAS2",0.36,2.57,0.061138023
"NUP155","PIAS3",NA,NA,NA
"NUP155","PIAS4",NA,NA,NA
"NUP98","NSMCE2",NA,NA,NA
"NUP98","PIAS1",NA,NA,NA
"NUP98","PIAS2",0.92,1.89,-0.0936161
"NUP98","PIAS3",NA,NA,NA
"NUP98","PIAS4",NA,NA,NA
"ORC4","NSMCE2",2.25,1.89,1.12344316
"ORC4","PIAS1",NA,NA,NA
"ORC4","PIAS2",NA,NA,NA
"ORC4","PIAS3",NA,NA,NA
"ORC4","PIAS4",NA,NA,NA
"ORC5","NSMCE2",NA,NA,NA
"ORC5","PIAS1",NA,NA,NA
"ORC5","PIAS2",0.6,1.62,1.240464836
"ORC5","PIAS3",NA,NA,NA
"ORC5","PIAS4",NA,NA,NA
"OSBPL3","NSMCE2",1.88,1.94,1.024915243
"OSBPL3","PIAS1",NA,NA,NA
"OSBPL3","PIAS2",NA,NA,NA
"OSBPL3","PIAS3",NA,NA,NA
"OSBPL3","PIAS4",NA,NA,NA
"PAPD5","NSMCE2",0.87,2.96,0.567976341
"PAPD5","PIAS1",NA,NA,NA
"PAPD5","PIAS2",0.85,1.76,-0.057165667
"PAPD5","PIAS3",NA,NA,NA
"PAPD5","PIAS4",0.68,1.59,1.318876028
"PARL","NSMCE2",NA,NA,NA
"PARL","PIAS1",NA,NA,NA
"PARL","PIAS2",NA,NA,NA
"PARL","PIAS3",0.39,1.44,0.899767543
"PARL","PIAS4",NA,NA,NA
"PARP1","NSMCE2",3.05,3.24,0.315515305
"PARP1","PIAS1",2.5,1.97,-0.331204761
"PARP1","PIAS2",NA,NA,NA
"PARP1","PIAS3",NA,NA,NA
"PARP1","PIAS4",2.1,1.83,-0.24382716
"PDCD11","NSMCE2",2.21,3.74,0.505193937
"PDCD11","PIAS1",NA,NA,NA
"PDCD11","PIAS2",NA,NA,NA
"PDCD11","PIAS3",NA,NA,NA
"PDCD11","PIAS4",NA,NA,NA
"PDS5A","NSMCE2",NA,NA,NA
"PDS5A","PIAS1",NA,NA,NA
"PDS5A","PIAS2",NA,NA,NA
"PDS5A","PIAS3",0.15,1.64,0.865512117
"PDS5A","PIAS4",NA,NA,NA
"PES1","NSMCE2",NA,NA,NA
"PES1","PIAS1",NA,NA,NA
"PES1","PIAS2",0.5,3.5,-0.03532118
"PES1","PIAS3",NA,NA,NA
"PES1","PIAS4",NA,NA,NA
"PGD","NSMCE2",NA,NA,NA
"PGD","PIAS1",NA,NA,NA
"PGD","PIAS2",0.89,1.74,1.206796927
"PGD","PIAS3",NA,NA,NA
"PGD","PIAS4",NA,NA,NA
"PGRMC1","NSMCE2",NA,NA,NA
"PGRMC1","PIAS1",NA,NA,NA
"PGRMC1","PIAS2",0.34,1.99,0.287310959
"PGRMC1","PIAS3",NA,NA,NA
"PGRMC1","PIAS4",NA,NA,NA
"PHF21A","NSMCE2",3.79,4.55,-0.237285127
"PHF21A","PIAS1",NA,NA,NA
"PHF21A","PIAS2",NA,NA,NA
"PHF21A","PIAS3",NA,NA,NA
"PHF21A","PIAS4",NA,NA,NA
"PHF6","NSMCE2",NA,NA,NA
"PHF6","PIAS1",NA,NA,NA
"PHF6","PIAS2",NA,NA,NA
"PHF6","PIAS3",0.43,1.35,0.210881448
"PHF6","PIAS4",NA,NA,NA
"PIAS1","NSMCE2",7.96,5.69,0.025865741
"PIAS1","PIAS1",NA,NA,NA
"PIAS1","PIAS2",3.29,2.68,-0.146681953
"PIAS1","PIAS3",NA,NA,NA
"PIAS1","PIAS4",5.13,5.35,-0.250826534
"PIAS2","NSMCE2",7.37,5.71,0.023391652
"PIAS2","PIAS1",NA,NA,NA
"PIAS2","PIAS2",NA,NA,NA
"PIAS2","PIAS3",NA,NA,NA
"PIAS2","PIAS4",5.5,4.17,-0.047986802
"PIAS3","NSMCE2",6.62,5.06,0.001452119
"PIAS3","PIAS1",5.11,4.38,-0.062265226
"PIAS3","PIAS2",NA,NA,NA
"PIAS3","PIAS3",NA,NA,NA
"PIAS3","PIAS4",6.06,5.53,0.061480027
"PIAS4","NSMCE2",3.74,2.01,-0.069119161
"PIAS4","PIAS1",NA,NA,NA
"PIAS4","PIAS2",NA,NA,NA
"PIAS4","PIAS3",NA,NA,NA
"PIAS4","PIAS4",NA,NA,NA
"PIGS","NSMCE2",NA,NA,NA
"PIGS","PIAS1",NA,NA,NA
"PIGS","PIAS2",0.48,1.54,0.373301255
"PIGS","PIAS3",NA,NA,NA
"PIGS","PIAS4",NA,NA,NA
"PLGRKT","NSMCE2",NA,NA,NA
"PLGRKT","PIAS1",NA,NA,NA
"PLGRKT","PIAS2",0.45,1.35,-0.389548711
"PLGRKT","PIAS3",NA,NA,NA
"PLGRKT","PIAS4",NA,NA,NA
"PML","NSMCE2",10.76,6.36,0.069643188
"PML","PIAS1",8,5.81,0.020846941
"PML","PIAS2",5.76,6.63,-0.062884305
"PML","PIAS3",NA,NA,NA
"PML","PIAS4",8.11,5.29,0.058423452
"PMPCA","NSMCE2",3.89,2.42,0.519910629
"PMPCA","PIAS1",NA,NA,NA
"PMPCA","PIAS2",NA,NA,NA
"PMPCA","PIAS3",NA,NA,NA
"PMPCA","PIAS4",NA,NA,NA
"PNN","NSMCE2",3.41,4.65,0.574655975
"PNN","PIAS1",NA,NA,NA
"PNN","PIAS2",NA,NA,NA
"PNN","PIAS3",NA,NA,NA
"PNN","PIAS4",NA,NA,NA
"PNPLA6","NSMCE2",NA,NA,NA
"PNPLA6","PIAS1",NA,NA,NA
"PNPLA6","PIAS2",2.13,2.14,0.211253967
"PNPLA6","PIAS3",NA,NA,NA
"PNPLA6","PIAS4",NA,NA,NA
"POLR1B","NSMCE2",NA,NA,NA
"POLR1B","PIAS1",NA,NA,NA
"POLR1B","PIAS2",1.15,1.69,0.221544661
"POLR1B","PIAS3",NA,NA,NA
"POLR1B","PIAS4",NA,NA,NA
"POLR1E","NSMCE2",NA,NA,NA
"POLR1E","PIAS1",NA,NA,NA
"POLR1E","PIAS2",2.26,1.33,0.090084697
"POLR1E","PIAS3",NA,NA,NA
"POLR1E","PIAS4",2.16,2.26,0.195766767
"POLR2A","NSMCE2",1.67,1.31,1.321023195
"POLR2A","PIAS1",NA,NA,NA
"POLR2A","PIAS2",NA,NA,NA
"POLR2A","PIAS3",NA,NA,NA
"POLR2A","PIAS4",NA,NA,NA
"POLR3D","NSMCE2",5.22,5.01,-0.00932962
"POLR3D","PIAS1",NA,NA,NA
"POLR3D","PIAS2",NA,NA,NA
"POLR3D","PIAS3",NA,NA,NA
"POLR3D","PIAS4",4.78,4.29,0.03611634
"PPP2R4","NSMCE2",NA,NA,NA
"PPP2R4","PIAS1",NA,NA,NA
"PPP2R4","PIAS2",1.53,1.91,0.331118013
"PPP2R4","PIAS3",NA,NA,NA
"PPP2R4","PIAS4",NA,NA,NA
"PPP2R5C","NSMCE2",NA,NA,NA
"PPP2R5C","PIAS1",NA,NA,NA
"PPP2R5C","PIAS2",2.72,1.35,0.061051617
"PPP2R5C","PIAS3",NA,NA,NA
"PPP2R5C","PIAS4",NA,NA,NA
"PPP2R5D","NSMCE2",NA,NA,NA
"PPP2R5D","PIAS1",NA,NA,NA
"PPP2R5D","PIAS2",0.49,1.4,0.435881669
"PPP2R5D","PIAS3",NA,NA,NA
"PPP2R5D","PIAS4",NA,NA,NA
"PPP3CA","NSMCE2",NA,NA,NA
"PPP3CA","PIAS1",NA,NA,NA
"PPP3CA","PIAS2",2.83,1.4,0.163016489
"PPP3CA","PIAS3",NA,NA,NA
"PPP3CA","PIAS4",NA,NA,NA
"PRCP","NSMCE2",NA,NA,NA
"PRCP","PIAS1",NA,NA,NA
"PRCP","PIAS2",0.8,2.03,-0.051974117
"PRCP","PIAS3",NA,NA,NA
"PRCP","PIAS4",NA,NA,NA
"PRDX1","NSMCE2",0.96,1.78,0.305300748
"PRDX1","PIAS1",NA,NA,NA
"PRDX1","PIAS2",NA,NA,NA
"PRDX1","PIAS3",NA,NA,NA
"PRDX1","PIAS4",NA,NA,NA
"PRICKLE3","NSMCE2",NA,NA,NA
"PRICKLE3","PIAS1",NA,NA,NA
"PRICKLE3","PIAS2",0.18,1.51,1.514807187
"PRICKLE3","PIAS3",NA,NA,NA
"PRICKLE3","PIAS4",NA,NA,NA
"PRKACA","NSMCE2",NA,NA,NA
"PRKACA","PIAS1",NA,NA,NA
"PRKACA","PIAS2",0.42,3.85,0.264705319
"PRKACA","PIAS3",NA,NA,NA
"PRKACA","PIAS4",NA,NA,NA
"PRKDC","NSMCE2",NA,NA,NA
"PRKDC","PIAS1",NA,NA,NA
"PRKDC","PIAS2",NA,NA,NA
"PRKDC","PIAS3",0.14,1.42,0.926291852
"PRKDC","PIAS4",NA,NA,NA
"PRPF38B","NSMCE2",NA,NA,NA
"PRPF38B","PIAS1",NA,NA,NA
"PRPF38B","PIAS2",0.33,2.07,-0.990635734
"PRPF38B","PIAS3",NA,NA,NA
"PRPF38B","PIAS4",NA,NA,NA
"PSMD1","NSMCE2",NA,NA,NA
"PSMD1","PIAS1",NA,NA,NA
"PSMD1","PIAS2",0.67,2.81,0.387935887
"PSMD1","PIAS3",NA,NA,NA
"PSMD1","PIAS4",NA,NA,NA
"PSMD13","NSMCE2",2.4,1.33,-0.222861683
"PSMD13","PIAS1",NA,NA,NA
"PSMD13","PIAS2",0.45,1.71,0.677433351
"PSMD13","PIAS3",NA,NA,NA
"PSMD13","PIAS4",NA,NA,NA
"PSMD3","NSMCE2",NA,NA,NA
"PSMD3","PIAS1",NA,NA,NA
"PSMD3","PIAS2",1.38,5.13,0.451802316
"PSMD3","PIAS3",NA,NA,NA
"PSMD3","PIAS4",NA,NA,NA
"PSMD6","NSMCE2",NA,NA,NA
"PSMD6","PIAS1",NA,NA,NA
"PSMD6","PIAS2",0.83,3.75,0.420532387
"PSMD6","PIAS3",0.23,2.56,1.390650053
"PSMD6","PIAS4",NA,NA,NA
"PTCD3","NSMCE2",NA,NA,NA
"PTCD3","PIAS1",NA,NA,NA
"PTCD3","PIAS2",3.36,1.61,0.068370881
"PTCD3","PIAS3",NA,NA,NA
"PTCD3","PIAS4",NA,NA,NA
"PTPRA","NSMCE2",NA,NA,NA
"PTPRA","PIAS1",NA,NA,NA
"PTPRA","PIAS2",0.37,1.57,0.39860212
"PTPRA","PIAS3",NA,NA,NA
"PTPRA","PIAS4",NA,NA,NA
"PTPRG","NSMCE2",NA,NA,NA
"PTPRG","PIAS1",NA,NA,NA
"PTPRG","PIAS2",2.16,1.65,0.822419898
"PTPRG","PIAS3",NA,NA,NA
"PTPRG","PIAS4",NA,NA,NA
"PTRF","NSMCE2",4.37,3.78,0.035961992
"PTRF","PIAS1",NA,NA,NA
"PTRF","PIAS2",NA,NA,NA
"PTRF","PIAS3",NA,NA,NA
"PTRF","PIAS4",NA,NA,NA
"PTRH2","NSMCE2",0.56,1.92,-0.142234257
"PTRH2","PIAS1",NA,NA,NA
"PTRH2","PIAS2",NA,NA,NA
"PTRH2","PIAS3",NA,NA,NA
"PTRH2","PIAS4",NA,NA,NA
"PUF60","NSMCE2",4.36,3.5,0.324788032
"PUF60","PIAS1",NA,NA,NA
"PUF60","PIAS2",NA,NA,NA
"PUF60","PIAS3",NA,NA,NA
"PUF60","PIAS4",NA,NA,NA
"PWP2","NSMCE2",NA,NA,NA
"PWP2","PIAS1",NA,NA,NA
"PWP2","PIAS2",0.35,1.62,0.188931798
"PWP2","PIAS3",NA,NA,NA
"PWP2","PIAS4",NA,NA,NA
"QARS","NSMCE2",NA,NA,NA
"QARS","PIAS1",NA,NA,NA
"QARS","PIAS2",0.36,2.06,0.481876125
"QARS","PIAS3",NA,NA,NA
"QARS","PIAS4",NA,NA,NA
"QPCTL","NSMCE2",NA,NA,NA
"QPCTL","PIAS1",NA,NA,NA
"QPCTL","PIAS2",1.92,1.36,0.128540535
"QPCTL","PIAS3",NA,NA,NA
"QPCTL","PIAS4",NA,NA,NA
"RAB13","NSMCE2",NA,NA,NA
"RAB13","PIAS1",NA,NA,NA
"RAB13","PIAS2",0.6,2.53,0.245953855
"RAB13","PIAS3",NA,NA,NA
"RAB13","PIAS4",NA,NA,NA
"RAB14","NSMCE2",NA,NA,NA
"RAB14","PIAS1",NA,NA,NA
"RAB14","PIAS2",NA,NA,NA
"RAB14","PIAS3",0.23,2.95,0.901428901
"RAB14","PIAS4",NA,NA,NA
"RAB2A","NSMCE2",NA,NA,NA
"RAB2A","PIAS1",NA,NA,NA
"RAB2A","PIAS2",0.3,1.37,0.000615173
"RAB2A","PIAS3",NA,NA,NA
"RAB2A","PIAS4",NA,NA,NA
"RAB32","NSMCE2",NA,NA,NA
"RAB32","PIAS1",NA,NA,NA
"RAB32","PIAS2",1.13,2.08,0.004158346
"RAB32","PIAS3",NA,NA,NA
"RAB32","PIAS4",NA,NA,NA
"RAB35","NSMCE2",NA,NA,NA
"RAB35","PIAS1",NA,NA,NA
"RAB35","PIAS2",0.5,1.46,-0.258919649
"RAB35","PIAS3",NA,NA,NA
"RAB35","PIAS4",NA,NA,NA
"RAB6A","NSMCE2",NA,NA,NA
"RAB6A","PIAS1",NA,NA,NA
"RAB6A","PIAS2",NA,NA,NA
"RAB6A","PIAS3",0.24,1.9,1.175792907
"RAB6A","PIAS4",NA,NA,NA
"RAB8A","NSMCE2",NA,NA,NA
"RAB8A","PIAS1",NA,NA,NA
"RAB8A","PIAS2",0.57,5.21,0.020853287
"RAB8A","PIAS3",NA,NA,NA
"RAB8A","PIAS4",NA,NA,NA
"RAB8B","NSMCE2",NA,NA,NA
"RAB8B","PIAS1",NA,NA,NA
"RAB8B","PIAS2",0.46,1.54,0.248968854
"RAB8B","PIAS3",NA,NA,NA
"RAB8B","PIAS4",NA,NA,NA
"RAC1","NSMCE2",NA,NA,NA
"RAC1","PIAS1",NA,NA,NA
"RAC1","PIAS2",0.67,3.01,0.363230517
"RAC1","PIAS3",NA,NA,NA
"RAC1","PIAS4",NA,NA,NA
"RAC2","NSMCE2",NA,NA,NA
"RAC2","PIAS1",NA,NA,NA
"RAC2","PIAS2",0.67,3.01,0.363230517
"RAC2","PIAS3",NA,NA,NA
"RAC2","PIAS4",NA,NA,NA
"RAD18","NSMCE2",8.8,6.28,0.11169842
"RAD18","PIAS1",NA,NA,NA
"RAD18","PIAS2",NA,NA,NA
"RAD18","PIAS3",NA,NA,NA
"RAD18","PIAS4",3.85,2.61,0.271835706
"RAD54L2","NSMCE2",5.62,5.59,0.15864884
"RAD54L2","PIAS1",NA,NA,NA
"RAD54L2","PIAS2",NA,NA,NA
"RAD54L2","PIAS3",NA,NA,NA
"RAD54L2","PIAS4",NA,NA,NA
"RANGAP1","NSMCE2",10.31,3.84,0.139038881
"RANGAP1","PIAS1",6.12,6.2,-0.162387955
"RANGAP1","PIAS2",5.56,4.75,-0.233728501
"RANGAP1","PIAS3",5.33,3.69,-0.193076155
"RANGAP1","PIAS4",11.02,6.24,0.01876865
"RBBP6","NSMCE2",2.17,1.65,1.551932254
"RBBP6","PIAS1",NA,NA,NA
"RBBP6","PIAS2",NA,NA,NA
"RBBP6","PIAS3",NA,NA,NA
"RBBP6","PIAS4",NA,NA,NA
"RBBP8","NSMCE2",3.96,4.58,0.055279224
"RBBP8","PIAS1",NA,NA,NA
"RBBP8","PIAS2",NA,NA,NA
"RBBP8","PIAS3",NA,NA,NA
"RBBP8","PIAS4",NA,NA,NA
"RBM25","NSMCE2",7.62,5.19,0.891058553
"RBM25","PIAS1",NA,NA,NA
"RBM25","PIAS2",NA,NA,NA
"RBM25","PIAS3",NA,NA,NA
"RBM25","PIAS4",NA,NA,NA
"RBM28","NSMCE2",3.64,4.98,0.879743381
"RBM28","PIAS1",NA,NA,NA
"RBM28","PIAS2",NA,NA,NA
"RBM28","PIAS3",NA,NA,NA
"RBM28","PIAS4",NA,NA,NA
"REEP3","NSMCE2",NA,NA,NA
"REEP3","PIAS1",NA,NA,NA
"REEP3","PIAS2",NA,NA,NA
"REEP3","PIAS3",0.32,1.93,0.933070449
"REEP3","PIAS4",NA,NA,NA
"REEP5","NSMCE2",NA,NA,NA
"REEP5","PIAS1",NA,NA,NA
"REEP5","PIAS2",0.33,1.49,-0.285353817
"REEP5","PIAS3",NA,NA,NA
"REEP5","PIAS4",NA,NA,NA
"RFC2","NSMCE2",NA,NA,NA
"RFC2","PIAS1",NA,NA,NA
"RFC2","PIAS2",3.12,5.17,0.529801798
"RFC2","PIAS3",NA,NA,NA
"RFC2","PIAS4",NA,NA,NA
"RHBDD1","NSMCE2",NA,NA,NA
"RHBDD1","PIAS1",NA,NA,NA
"RHBDD1","PIAS2",NA,NA,NA
"RHBDD1","PIAS3",2.23,1.62,0.396627143
"RHBDD1","PIAS4",NA,NA,NA
"RHOT2","NSMCE2",NA,NA,NA
"RHOT2","PIAS1",NA,NA,NA
"RHOT2","PIAS2",0.7,2.98,0.029870197
"RHOT2","PIAS3",NA,NA,NA
"RHOT2","PIAS4",NA,NA,NA
"RNF168","NSMCE2",3.41,4.07,0.621671501
"RNF168","PIAS1",NA,NA,NA
"RNF168","PIAS2",NA,NA,NA
"RNF168","PIAS3",NA,NA,NA
"RNF168","PIAS4",NA,NA,NA
"RNF216","NSMCE2",8.73,7.33,0.038872449
"RNF216","PIAS1",4.09,4.43,-0.019129327
"RNF216","PIAS2",NA,NA,NA
"RNF216","PIAS3",NA,NA,NA
"RNF216","PIAS4",6.27,6.11,0.150017824
"RNF219","NSMCE2",3.45,3.5,0.334682091
"RNF219","PIAS1",NA,NA,NA
"RNF219","PIAS2",NA,NA,NA
"RNF219","PIAS3",NA,NA,NA
"RNF219","PIAS4",NA,NA,NA
"RPL10","NSMCE2",NA,NA,NA
"RPL10","PIAS1",NA,NA,NA
"RPL10","PIAS2",NA,NA,NA
"RPL10","PIAS3",NA,NA,NA
"RPL10","PIAS4",4.03,3.71,-0.193724264
"RPL10A","NSMCE2",NA,NA,NA
"RPL10A","PIAS1",NA,NA,NA
"RPL10A","PIAS2",0.69,3.86,0.147349042
"RPL10A","PIAS3",NA,NA,NA
"RPL10A","PIAS4",NA,NA,NA
"RPL13","NSMCE2",0.58,2.08,1.437515403
"RPL13","PIAS1",NA,NA,NA
"RPL13","PIAS2",NA,NA,NA
"RPL13","PIAS3",NA,NA,NA
"RPL13","PIAS4",NA,NA,NA
"RPL14","NSMCE2",2.33,2.02,0.375193173
"RPL14","PIAS1",NA,NA,NA
"RPL14","PIAS2",NA,NA,NA
"RPL14","PIAS3",NA,NA,NA
"RPL14","PIAS4",NA,NA,NA
"RPL27A","NSMCE2",NA,NA,NA
"RPL27A","PIAS1",NA,NA,NA
"RPL27A","PIAS2",NA,NA,NA
"RPL27A","PIAS3",0.39,1.44,0.610073004
"RPL27A","PIAS4",NA,NA,NA
"RPL4","NSMCE2",0.58,1.78,1.035499293
"RPL4","PIAS1",NA,NA,NA
"RPL4","PIAS2",NA,NA,NA
"RPL4","PIAS3",NA,NA,NA
"RPL4","PIAS4",NA,NA,NA
"RPL5","NSMCE2",1.42,2.29,0.730356753
"RPL5","PIAS1",NA,NA,NA
"RPL5","PIAS2",NA,NA,NA
"RPL5","PIAS3",NA,NA,NA
"RPL5","PIAS4",NA,NA,NA
"RPL6","NSMCE2",0.75,1.82,1.16931162
"RPL6","PIAS1",NA,NA,NA
"RPL6","PIAS2",NA,NA,NA
"RPL6","PIAS3",NA,NA,NA
"RPL6","PIAS4",NA,NA,NA
"RPL7A","NSMCE2",3.72,1.74,0.485749696
"RPL7A","PIAS1",NA,NA,NA
"RPL7A","PIAS2",NA,NA,NA
"RPL7A","PIAS3",NA,NA,NA
"RPL7A","PIAS4",NA,NA,NA
"RPS14","NSMCE2",3.74,3.95,-0.001572759
"RPS14","PIAS1",NA,NA,NA
"RPS14","PIAS2",NA,NA,NA
"RPS14","PIAS3",NA,NA,NA
"RPS14","PIAS4",3.05,3.74,0.800074988
"RPS16","NSMCE2",NA,NA,NA
"RPS16","PIAS1",NA,NA,NA
"RPS16","PIAS2",NA,NA,NA
"RPS16","PIAS3",NA,NA,NA
"RPS16","PIAS4",2.77,2.95,0.368787466
"RPS17","NSMCE2",3.34,1.69,-0.210705881
"RPS17","PIAS1",NA,NA,NA
"RPS17","PIAS2",NA,NA,NA
"RPS17","PIAS3",NA,NA,NA
"RPS17","PIAS4",NA,NA,NA
"RQCD1","NSMCE2",NA,NA,NA
"RQCD1","PIAS1",NA,NA,NA
"RQCD1","PIAS2",2.06,1.64,0.166325576
"RQCD1","PIAS3",NA,NA,NA
"RQCD1","PIAS4",NA,NA,NA
"RRAS","NSMCE2",NA,NA,NA
"RRAS","PIAS1",NA,NA,NA
"RRAS","PIAS2",0.5,1.82,-0.084571704
"RRAS","PIAS3",NA,NA,NA
"RRAS","PIAS4",NA,NA,NA
"RRP1","NSMCE2",NA,NA,NA
"RRP1","PIAS1",NA,NA,NA
"RRP1","PIAS2",0.3,2.16,-0.681732191
"RRP1","PIAS3",NA,NA,NA
"RRP1","PIAS4",NA,NA,NA
"RRP15","NSMCE2",4.8,4.81,1.016994667
"RRP15","PIAS1",NA,NA,NA
"RRP15","PIAS2",NA,NA,NA
"RRP15","PIAS3",NA,NA,NA
"RRP15","PIAS4",NA,NA,NA
"RRP1B","NSMCE2",NA,NA,NA
"RRP1B","PIAS1",NA,NA,NA
"RRP1B","PIAS2",0.85,2.54,-0.083807728
"RRP1B","PIAS3",NA,NA,NA
"RRP1B","PIAS4",NA,NA,NA
"RRS1","NSMCE2",4.83,4.74,0.91733474
"RRS1","PIAS1",NA,NA,NA
"RRS1","PIAS2",NA,NA,NA
"RRS1","PIAS3",NA,NA,NA
"RRS1","PIAS4",NA,NA,NA
"RSF1","NSMCE2",3.2,4.83,0.588973014
"RSF1","PIAS1",NA,NA,NA
"RSF1","PIAS2",NA,NA,NA
"RSF1","PIAS3",NA,NA,NA
"RSF1","PIAS4",NA,NA,NA
"RSL1D1","NSMCE2",3.53,4.02,0.815333568
"RSL1D1","PIAS1",NA,NA,NA
"RSL1D1","PIAS2",NA,NA,NA
"RSL1D1","PIAS3",NA,NA,NA
"RSL1D1","PIAS4",NA,NA,NA
"RTN3","NSMCE2",NA,NA,NA
"RTN3","PIAS1",NA,NA,NA
"RTN3","PIAS2",0.52,1.37,-0.472103911
"RTN3","PIAS3",NA,NA,NA
"RTN3","PIAS4",NA,NA,NA
"S100A10","NSMCE2",NA,NA,NA
"S100A10","PIAS1",NA,NA,NA
"S100A10","PIAS2",0.22,1.34,1.751519762
"S100A10","PIAS3",NA,NA,NA
"S100A10","PIAS4",NA,NA,NA
"S100A9","NSMCE2",NA,NA,NA
"S100A9","PIAS1",NA,NA,NA
"S100A9","PIAS2",0.74,3.01,-0.549947879
"S100A9","PIAS3",NA,NA,NA
"S100A9","PIAS4",NA,NA,NA
"SAP130","NSMCE2",3.97,3.97,0.391153774
"SAP130","PIAS1",NA,NA,NA
"SAP130","PIAS2",NA,NA,NA
"SAP130","PIAS3",NA,NA,NA
"SAP130","PIAS4",NA,NA,NA
"SART1","NSMCE2",6.12,5.31,0.212373604
"SART1","PIAS1",NA,NA,NA
"SART1","PIAS2",NA,NA,NA
"SART1","PIAS3",NA,NA,NA
"SART1","PIAS4",4.29,3.47,-0.046619192
"SEC61A1","NSMCE2",0.79,1.63,-1.005325872
"SEC61A1","PIAS1",NA,NA,NA
"SEC61A1","PIAS2",0.92,2.53,0.314891641
"SEC61A1","PIAS3",NA,NA,NA
"SEC61A1","PIAS4",NA,NA,NA
"SELK","NSMCE2",NA,NA,NA
"SELK","PIAS1",0.63,1.34,1.11772122
"SELK","PIAS2",NA,NA,NA
"SELK","PIAS3",NA,NA,NA
"SELK","PIAS4",NA,NA,NA
"SENP6","NSMCE2",3.44,3.05,0.100641942
"SENP6","PIAS1",NA,NA,NA
"SENP6","PIAS2",NA,NA,NA
"SENP6","PIAS3",NA,NA,NA
"SENP6","PIAS4",NA,NA,NA
"SETDB1","NSMCE2",2.79,5.87,0.056899553
"SETDB1","PIAS1",NA,NA,NA
"SETDB1","PIAS2",NA,NA,NA
"SETDB1","PIAS3",NA,NA,NA
"SETDB1","PIAS4",NA,NA,NA
"SETX","NSMCE2",7.47,4.67,0.042637514
"SETX","PIAS1",3.46,2.61,0.154896293
"SETX","PIAS2",NA,NA,NA
"SETX","PIAS3",NA,NA,NA
"SETX","PIAS4",4.55,3.34,0.197615172
"SF3B1","NSMCE2",NA,NA,NA
"SF3B1","PIAS1",NA,NA,NA
"SF3B1","PIAS2",0.33,1.51,0.04095655
"SF3B1","PIAS3",NA,NA,NA
"SF3B1","PIAS4",NA,NA,NA
"SF3B2","NSMCE2",2.83,2.09,1.221249912
"SF3B2","PIAS1",NA,NA,NA
"SF3B2","PIAS2",NA,NA,NA
"SF3B2","PIAS3",NA,NA,NA
"SF3B2","PIAS4",NA,NA,NA
"SF3B4","NSMCE2",NA,NA,NA
"SF3B4","PIAS1",NA,NA,NA
"SF3B4","PIAS2",0.41,1.38,0.469482108
"SF3B4","PIAS3",NA,NA,NA
"SF3B4","PIAS4",NA,NA,NA
"SFT2D3","NSMCE2",NA,NA,NA
"SFT2D3","PIAS1",2.97,1.65,0.295058769
"SFT2D3","PIAS2",NA,NA,NA
"SFT2D3","PIAS3",NA,NA,NA
"SFT2D3","PIAS4",NA,NA,NA
"SFXN1","NSMCE2",NA,NA,NA
"SFXN1","PIAS1",NA,NA,NA
"SFXN1","PIAS2",0.5,4.25,0.165552163
"SFXN1","PIAS3",NA,NA,NA
"SFXN1","PIAS4",NA,NA,NA
"SFXN3","NSMCE2",NA,NA,NA
"SFXN3","PIAS1",NA,NA,NA
"SFXN3","PIAS2",NA,NA,NA
"SFXN3","PIAS3",NA,NA,NA
"SFXN3","PIAS4",1.84,1.41,0.141638277
"SKIL","NSMCE2",4.69,5.66,-0.019186629
"SKIL","PIAS1",3.99,3.73,1.140298474
"SKIL","PIAS2",NA,NA,NA
"SKIL","PIAS3",NA,NA,NA
"SKIL","PIAS4",4.06,2.02,0.499232063
"SLC1A4","NSMCE2",NA,NA,NA
"SLC1A4","PIAS1",NA,NA,NA
"SLC1A4","PIAS2",0.97,2.27,0.266123385
"SLC1A4","PIAS3",NA,NA,NA
"SLC1A4","PIAS4",NA,NA,NA
"SLC25A1","NSMCE2",NA,NA,NA
"SLC25A1","PIAS1",NA,NA,NA
"SLC25A1","PIAS2",2.88,1.49,-0.084001818
"SLC25A1","PIAS3",NA,NA,NA
"SLC25A1","PIAS4",NA,NA,NA
"SLC25A17","NSMCE2",NA,NA,NA
"SLC25A17","PIAS1",NA,NA,NA
"SLC25A17","PIAS2",3.09,1.92,0.20464311
"SLC25A17","PIAS3",NA,NA,NA
"SLC25A17","PIAS4",NA,NA,NA
"SLC25A3","NSMCE2",NA,NA,NA
"SLC25A3","PIAS1",NA,NA,NA
"SLC25A3","PIAS2",NA,NA,NA
"SLC25A3","PIAS3",NA,NA,NA
"SLC25A3","PIAS4",0.28,2.47,1.350498056
"SLC25A4","NSMCE2",NA,NA,NA
"SLC25A4","PIAS1",NA,NA,NA
"SLC25A4","PIAS2",3.72,1.69,0.290807942
"SLC25A4","PIAS3",NA,NA,NA
"SLC25A4","PIAS4",NA,NA,NA
"SLC25A5","NSMCE2",NA,NA,NA
"SLC25A5","PIAS1",NA,NA,NA
"SLC25A5","PIAS2",0.69,3.65,-0.036825977
"SLC25A5","PIAS3",NA,NA,NA
"SLC25A5","PIAS4",NA,NA,NA
"SLC25A6","NSMCE2",NA,NA,NA
"SLC25A6","PIAS1",NA,NA,NA
"SLC25A6","PIAS2",0.66,4.02,0.26410385
"SLC25A6","PIAS3",NA,NA,NA
"SLC25A6","PIAS4",NA,NA,NA
"SLC30A5","NSMCE2",NA,NA,NA
"SLC30A5","PIAS1",NA,NA,NA
"SLC30A5","PIAS2",2.73,1.37,0.335615924
"SLC30A5","PIAS3",NA,NA,NA
"SLC30A5","PIAS4",NA,NA,NA
"SLC30A6","NSMCE2",NA,NA,NA
"SLC30A6","PIAS1",NA,NA,NA
"SLC30A6","PIAS2",0.48,2.02,6.600412533
"SLC30A6","PIAS3",NA,NA,NA
"SLC30A6","PIAS4",NA,NA,NA
"SLC30A7","NSMCE2",NA,NA,NA
"SLC30A7","PIAS1",NA,NA,NA
"SLC30A7","PIAS2",0.61,1.81,0.042874983
"SLC30A7","PIAS3",NA,NA,NA
"SLC30A7","PIAS4",NA,NA,NA
"SLC39A14","NSMCE2",NA,NA,NA
"SLC39A14","PIAS1",NA,NA,NA
"SLC39A14","PIAS2",3.96,5.75,0.017804896
"SLC39A14","PIAS3",NA,NA,NA
"SLC39A14","PIAS4",NA,NA,NA
"SLC39A6","NSMCE2",NA,NA,NA
"SLC39A6","PIAS1",NA,NA,NA
"SLC39A6","PIAS2",0.21,3.15,-0.316211222
"SLC39A6","PIAS3",NA,NA,NA
"SLC39A6","PIAS4",NA,NA,NA
"SLX4","NSMCE2",8.43,5.93,0.074395615
"SLX4","PIAS1",3.97,3.99,0.492867989
"SLX4","PIAS2",NA,NA,NA
"SLX4","PIAS3",NA,NA,NA
"SLX4","PIAS4",6.81,5.86,0.298325391
"SLX4IP","NSMCE2",6.35,5.84,0.215713793
"SLX4IP","PIAS1",NA,NA,NA
"SLX4IP","PIAS2",NA,NA,NA
"SLX4IP","PIAS3",NA,NA,NA
"SLX4IP","PIAS4",4.9,3.54,0.623638433
"SMARCA1","NSMCE2",NA,NA,NA
"SMARCA1","PIAS1",NA,NA,NA
"SMARCA1","PIAS2",2.49,1.9,0.312614176
"SMARCA1","PIAS3",NA,NA,NA
"SMARCA1","PIAS4",NA,NA,NA
"SMARCAD1","NSMCE2",5.98,6.73,0.067699387
"SMARCAD1","PIAS1",NA,NA,NA
"SMARCAD1","PIAS2",NA,NA,NA
"SMARCAD1","PIAS3",NA,NA,NA
"SMARCAD1","PIAS4",NA,NA,NA
"SMC5","NSMCE2",4.29,6.37,0.126822831
"SMC5","PIAS1",NA,NA,NA
"SMC5","PIAS2",NA,NA,NA
"SMC5","PIAS3",NA,NA,NA
"SMC5","PIAS4",NA,NA,NA
"SMEK1","NSMCE2",NA,NA,NA
"SMEK1","PIAS1",NA,NA,NA
"SMEK1","PIAS2",0.39,1.46,0.769502638
"SMEK1","PIAS3",NA,NA,NA
"SMEK1","PIAS4",NA,NA,NA
"SMPD4","NSMCE2",NA,NA,NA
"SMPD4","PIAS1",NA,NA,NA
"SMPD4","PIAS2",NA,NA,NA
"SMPD4","PIAS3",NA,NA,NA
"SMPD4","PIAS4",0.29,1.57,0.766074287
"SMTN","NSMCE2",2.08,2.26,0.321087767
"SMTN","PIAS1",NA,NA,NA
"SMTN","PIAS2",NA,NA,NA
"SMTN","PIAS3",NA,NA,NA
"SMTN","PIAS4",NA,NA,NA
"SNIP1","NSMCE2",2,3.35,0.442032601
"SNIP1","PIAS1",NA,NA,NA
"SNIP1","PIAS2",NA,NA,NA
"SNIP1","PIAS3",NA,NA,NA
"SNIP1","PIAS4",3.62,2.15,0.071385635
"SNRNP200","NSMCE2",NA,NA,NA
"SNRNP200","PIAS1",NA,NA,NA
"SNRNP200","PIAS2",0.31,3.41,0.283793625
"SNRNP200","PIAS3",NA,NA,NA
"SNRNP200","PIAS4",NA,NA,NA
"SOAT1","NSMCE2",NA,NA,NA
"SOAT1","PIAS1",NA,NA,NA
"SOAT1","PIAS2",0.86,1.79,0.231369111
"SOAT1","PIAS3",NA,NA,NA
"SOAT1","PIAS4",NA,NA,NA
"SP100","NSMCE2",10.45,5.96,0.065206353
"SP100","PIAS1",3.82,3.06,0.214382176
"SP100","PIAS2",3.74,3.78,0.457505889
"SP100","PIAS3",NA,NA,NA
"SP100","PIAS4",6.81,4.4,0.162057478
"SP3","NSMCE2",NA,NA,NA
"SP3","PIAS1",NA,NA,NA
"SP3","PIAS2",NA,NA,NA
"SP3","PIAS3",NA,NA,NA
"SP3","PIAS4",1.98,1.64,0.504395474
"SPRTN","NSMCE2",6.41,5.51,0.018871289
"SPRTN","PIAS1",NA,NA,NA
"SPRTN","PIAS2",NA,NA,NA
"SPRTN","PIAS3",NA,NA,NA
"SPRTN","PIAS4",4.17,4.83,-0.088104215
"SPTBN1","NSMCE2",NA,NA,NA
"SPTBN1","PIAS1",NA,NA,NA
"SPTBN1","PIAS2",0.19,1.97,0.141619661
"SPTBN1","PIAS3",NA,NA,NA
"SPTBN1","PIAS4",NA,NA,NA
"SPTLC2","NSMCE2",0.58,1.81,1.585473764
"SPTLC2","PIAS1",NA,NA,NA
"SPTLC2","PIAS2",NA,NA,NA
"SPTLC2","PIAS3",NA,NA,NA
"SPTLC2","PIAS4",NA,NA,NA
"SRPR","NSMCE2",NA,NA,NA
"SRPR","PIAS1",NA,NA,NA
"SRPR","PIAS2",0.7,2.66,0.072960124
"SRPR","PIAS3",NA,NA,NA
"SRPR","PIAS4",NA,NA,NA
"SSR1","NSMCE2",NA,NA,NA
"SSR1","PIAS1",NA,NA,NA
"SSR1","PIAS2",0.96,4.52,0.151491413
"SSR1","PIAS3",NA,NA,NA
"SSR1","PIAS4",NA,NA,NA
"SSR4","NSMCE2",NA,NA,NA
"SSR4","PIAS1",NA,NA,NA
"SSR4","PIAS2",0.78,3.18,0.701617676
"SSR4","PIAS3",0.26,1.39,1.714836778
"SSR4","PIAS4",NA,NA,NA
"SSRP1","NSMCE2",2.97,1.5,-0.085572453
"SSRP1","PIAS1",NA,NA,NA
"SSRP1","PIAS2",NA,NA,NA
"SSRP1","PIAS3",NA,NA,NA
"SSRP1","PIAS4",NA,NA,NA
"STAG1","NSMCE2",NA,NA,NA
"STAG1","PIAS1",NA,NA,NA
"STAG1","PIAS2",0.51,1.72,0.176307401
"STAG1","PIAS3",NA,NA,NA
"STAG1","PIAS4",NA,NA,NA
"STAG2","NSMCE2",NA,NA,NA
"STAG2","PIAS1",NA,NA,NA
"STAG2","PIAS2",0.43,2.08,0.658656825
"STAG2","PIAS3",NA,NA,NA
"STAG2","PIAS4",NA,NA,NA
"STT3A","NSMCE2",NA,NA,NA
"STT3A","PIAS1",NA,NA,NA
"STT3A","PIAS2",0.78,2.86,-0.289173251
"STT3A","PIAS3",NA,NA,NA
"STT3A","PIAS4",NA,NA,NA
"STT3B","NSMCE2",NA,NA,NA
"STT3B","PIAS1",NA,NA,NA
"STT3B","PIAS2",0.44,3.29,-0.207502708
"STT3B","PIAS3",NA,NA,NA
"STT3B","PIAS4",NA,NA,NA
"SUMO1","NSMCE2",NA,NA,NA
"SUMO1","PIAS1",NA,NA,NA
"SUMO1","PIAS2",NA,NA,NA
"SUMO1","PIAS3",NA,NA,NA
"SUMO1","PIAS4",0.73,2.04,1.031584895
"SUMO2","NSMCE2",2.28,2.98,0.530248485
"SUMO2","PIAS1",NA,NA,NA
"SUMO2","PIAS2",NA,NA,NA
"SUMO2","PIAS3",NA,NA,NA
"SUMO2","PIAS4",1.39,1.84,0.43814273
"SUMO3","NSMCE2",2.62,3.13,0.34996823
"SUMO3","PIAS1",NA,NA,NA
"SUMO3","PIAS2",NA,NA,NA
"SUMO3","PIAS3",NA,NA,NA
"SUMO3","PIAS4",1.17,2.64,0.459782393
"SUN1","NSMCE2",NA,NA,NA
"SUN1","PIAS1",NA,NA,NA
"SUN1","PIAS2",0.23,1.44,-0.327069425
"SUN1","PIAS3",NA,NA,NA
"SUN1","PIAS4",NA,NA,NA
"SUPT7L","NSMCE2",3.89,3.46,0.458132101
"SUPT7L","PIAS1",NA,NA,NA
"SUPT7L","PIAS2",NA,NA,NA
"SUPT7L","PIAS3",NA,NA,NA
"SUPT7L","PIAS4",NA,NA,NA
"SUPV3L1","NSMCE2",NA,NA,NA
"SUPV3L1","PIAS1",NA,NA,NA
"SUPV3L1","PIAS2",0.9,3.92,0.072106938
"SUPV3L1","PIAS3",NA,NA,NA
"SUPV3L1","PIAS4",NA,NA,NA
"SURF4","NSMCE2",0.61,1.62,0.160120001
"SURF4","PIAS1",NA,NA,NA
"SURF4","PIAS2",NA,NA,NA
"SURF4","PIAS3",NA,NA,NA
"SURF4","PIAS4",NA,NA,NA
"SYMPK","NSMCE2",NA,NA,NA
"SYMPK","PIAS1",NA,NA,NA
"SYMPK","PIAS2",NA,NA,NA
"SYMPK","PIAS3",0.36,1.33,1.018045233
"SYMPK","PIAS4",NA,NA,NA
"SYNGR3","NSMCE2",NA,NA,NA
"SYNGR3","PIAS1",NA,NA,NA
"SYNGR3","PIAS2",NA,NA,NA
"SYNGR3","PIAS3",0.23,1.41,2.018331701
"SYNGR3","PIAS4",NA,NA,NA
"TAF6L","NSMCE2",NA,NA,NA
"TAF6L","PIAS1",NA,NA,NA
"TAF6L","PIAS2",0.43,1.69,0.191199528
"TAF6L","PIAS3",NA,NA,NA
"TAF6L","PIAS4",NA,NA,NA
"TAPBP","NSMCE2",NA,NA,NA
"TAPBP","PIAS1",NA,NA,NA
"TAPBP","PIAS2",NA,NA,NA
"TAPBP","PIAS3",0.22,1.31,1.45476729
"TAPBP","PIAS4",NA,NA,NA
"TBL3","NSMCE2",0.47,1.38,0.45509281
"TBL3","PIAS1",NA,NA,NA
"TBL3","PIAS2",NA,NA,NA
"TBL3","PIAS3",NA,NA,NA
"TBL3","PIAS4",NA,NA,NA
"TBRG4","NSMCE2",NA,NA,NA
"TBRG4","PIAS1",NA,NA,NA
"TBRG4","PIAS2",0.69,1.56,0.152842413
"TBRG4","PIAS3",NA,NA,NA
"TBRG4","PIAS4",NA,NA,NA
"TCOF1","NSMCE2",8.53,5.55,0.919939035
"TCOF1","PIAS1",NA,NA,NA
"TCOF1","PIAS2",NA,NA,NA
"TCOF1","PIAS3",NA,NA,NA
"TCOF1","PIAS4",NA,NA,NA
"TDG","NSMCE2",6.16,4.69,0.133397606
"TDG","PIAS1",4.18,4.47,0.529440493
"TDG","PIAS2",5.12,7.42,-0.040961192
"TDG","PIAS3",NA,NA,NA
"TDG","PIAS4",6.26,4.39,0.24423698
"TFRC","NSMCE2",NA,NA,NA
"TFRC","PIAS1",NA,NA,NA
"TFRC","PIAS2",0.33,1.84,0.036839054
"TFRC","PIAS3",NA,NA,NA
"TFRC","PIAS4",NA,NA,NA
"THOC1","NSMCE2",NA,NA,NA
"THOC1","PIAS1",NA,NA,NA
"THOC1","PIAS2",3.82,2.07,0.056106918
"THOC1","PIAS3",2.48,1.83,0.354384549
"THOC1","PIAS4",NA,NA,NA
"TMED10","NSMCE2",NA,NA,NA
"TMED10","PIAS1",NA,NA,NA
"TMED10","PIAS2",0.22,2.05,-0.199189681
"TMED10","PIAS3",NA,NA,NA
"TMED10","PIAS4",NA,NA,NA
"TMED2","NSMCE2",1.16,1.56,0.525277277
"TMED2","PIAS1",NA,NA,NA
"TMED2","PIAS2",0.89,2.32,-0.305460014
"TMED2","PIAS3",NA,NA,NA
"TMED2","PIAS4",NA,NA,NA
"TMEM194A","NSMCE2",NA,NA,NA
"TMEM194A","PIAS1",NA,NA,NA
"TMEM194A","PIAS2",NA,NA,NA
"TMEM194A","PIAS3",2.51,1.33,0.674940575
"TMEM194A","PIAS4",NA,NA,NA
"TMEM214","NSMCE2",NA,NA,NA
"TMEM214","PIAS1",NA,NA,NA
"TMEM214","PIAS2",0.22,1.79,-0.263104217
"TMEM214","PIAS3",NA,NA,NA
"TMEM214","PIAS4",NA,NA,NA
"TMEM245","NSMCE2",NA,NA,NA
"TMEM245","PIAS1",NA,NA,NA
"TMEM245","PIAS2",0.31,1.37,-0.359075422
"TMEM245","PIAS3",NA,NA,NA
"TMEM245","PIAS4",NA,NA,NA
"TMEM33","NSMCE2",NA,NA,NA
"TMEM33","PIAS1",NA,NA,NA
"TMEM33","PIAS2",0.84,2.81,0.223443357
"TMEM33","PIAS3",NA,NA,NA
"TMEM33","PIAS4",NA,NA,NA
"TMEM65","NSMCE2",NA,NA,NA
"TMEM65","PIAS1",NA,NA,NA
"TMEM65","PIAS2",0.5,1.52,0.007163695
"TMEM65","PIAS3",NA,NA,NA
"TMEM65","PIAS4",NA,NA,NA
"TMEM68","NSMCE2",NA,NA,NA
"TMEM68","PIAS1",NA,NA,NA
"TMEM68","PIAS2",NA,NA,NA
"TMEM68","PIAS3",1.66,1.73,1.46892632
"TMEM68","PIAS4",NA,NA,NA
"TMEM97","NSMCE2",4.71,3.93,0.581393471
"TMEM97","PIAS1",NA,NA,NA
"TMEM97","PIAS2",NA,NA,NA
"TMEM97","PIAS3",NA,NA,NA
"TMEM97","PIAS4",NA,NA,NA
"TMPO","NSMCE2",NA,NA,NA
"TMPO","PIAS1",NA,NA,NA
"TMPO","PIAS2",0.14,1.45,0.329360058
"TMPO","PIAS3",NA,NA,NA
"TMPO","PIAS4",NA,NA,NA
"TMTC3","NSMCE2",NA,NA,NA
"TMTC3","PIAS1",NA,NA,NA
"TMTC3","PIAS2",0.56,2.23,1.04386753
"TMTC3","PIAS3",NA,NA,NA
"TMTC3","PIAS4",NA,NA,NA
"TMUB2","NSMCE2",NA,NA,NA
"TMUB2","PIAS1",NA,NA,NA
"TMUB2","PIAS2",0.24,1.75,0.740276901
"TMUB2","PIAS3",NA,NA,NA
"TMUB2","PIAS4",NA,NA,NA
"TMX1","NSMCE2",NA,NA,NA
"TMX1","PIAS1",NA,NA,NA
"TMX1","PIAS2",0.29,1.75,0.144700693
"TMX1","PIAS3",NA,NA,NA
"TMX1","PIAS4",NA,NA,NA
"TNFSF9","NSMCE2",NA,NA,NA
"TNFSF9","PIAS1",1.6,1.45,0.366855875
"TNFSF9","PIAS2",NA,NA,NA
"TNFSF9","PIAS3",NA,NA,NA
"TNFSF9","PIAS4",NA,NA,NA
"TNPO1","NSMCE2",NA,NA,NA
"TNPO1","PIAS1",NA,NA,NA
"TNPO1","PIAS2",0.36,1.85,0.662735542
"TNPO1","PIAS3",NA,NA,NA
"TNPO1","PIAS4",0.28,2.45,-0.477847993
"TOMM22","NSMCE2",NA,NA,NA
"TOMM22","PIAS1",NA,NA,NA
"TOMM22","PIAS2",2.33,1.89,0.389849413
"TOMM22","PIAS3",1.41,1.34,0.445157255
"TOMM22","PIAS4",NA,NA,NA
"TOP1","NSMCE2",NA,NA,NA
"TOP1","PIAS1",0.19,1.69,0.778118054
"TOP1","PIAS2",NA,NA,NA
"TOP1","PIAS3",0.19,2.3,1.732526771
"TOP1","PIAS4",NA,NA,NA
"TOP2A","NSMCE2",1.38,4.13,-0.099265639
"TOP2A","PIAS1",0.72,1.54,-0.041159158
"TOP2A","PIAS2",NA,NA,NA
"TOP2A","PIAS3",NA,NA,NA
"TOP2A","PIAS4",1.06,2.54,0.049849676
"TOP2B","NSMCE2",6.84,4.65,0.071557137
"TOP2B","PIAS1",2.21,1.39,0.924627785
"TOP2B","PIAS2",1.74,1.65,-0.808765452
"TOP2B","PIAS3",NA,NA,NA
"TOP2B","PIAS4",4.39,3.91,0.186557784
"TOPORS","NSMCE2",10.17,5.67,0.057716801
"TOPORS","PIAS1",4.66,3.9,-0.387172204
"TOPORS","PIAS2",3.35,4.07,-0.605235618
"TOPORS","PIAS3",NA,NA,NA
"TOPORS","PIAS4",7.52,5.92,0.073148586
"TOR1AIP2","NSMCE2",NA,NA,NA
"TOR1AIP2","PIAS1",NA,NA,NA
"TOR1AIP2","PIAS2",0.66,1.91,0.028233194
"TOR1AIP2","PIAS3",NA,NA,NA
"TOR1AIP2","PIAS4",NA,NA,NA
"TP53I11","NSMCE2",NA,NA,NA
"TP53I11","PIAS1",NA,NA,NA
"TP53I11","PIAS2",0.32,1.77,-0.505964677
"TP53I11","PIAS3",NA,NA,NA
"TP53I11","PIAS4",NA,NA,NA
"TPI1","NSMCE2",2.41,1.71,1.314543684
"TPI1","PIAS1",NA,NA,NA
"TPI1","PIAS2",NA,NA,NA
"TPI1","PIAS3",NA,NA,NA
"TPI1","PIAS4",NA,NA,NA
"TRIM24","NSMCE2",3.49,3.96,0.023649695
"TRIM24","PIAS1",NA,NA,NA
"TRIM24","PIAS2",NA,NA,NA
"TRIM24","PIAS3",NA,NA,NA
"TRIM24","PIAS4",NA,NA,NA
"TRIM25","NSMCE2",NA,NA,NA
"TRIM25","PIAS1",NA,NA,NA
"TRIM25","PIAS2",1.42,3.17,0.291853928
"TRIM25","PIAS3",NA,NA,NA
"TRIM25","PIAS4",NA,NA,NA
"TRIM28","NSMCE2",6.9,4.46,0.156013348
"TRIM28","PIAS1",6.8,6.09,0.210129131
"TRIM28","PIAS2",2.54,5.17,0.211530655
"TRIM28","PIAS3",2.36,1.55,0.664926581
"TRIM28","PIAS4",9.27,6.58,0.146914896
"TRIM33","NSMCE2",8.37,7.56,0.038853403
"TRIM33","PIAS1",4.74,3.13,0.128918504
"TRIM33","PIAS2",NA,NA,NA
"TRIM33","PIAS3",NA,NA,NA
"TRIM33","PIAS4",2.94,2.92,-0.692972926
"TRIP12","NSMCE2",NA,NA,NA
"TRIP12","PIAS1",NA,NA,NA
"TRIP12","PIAS2",NA,NA,NA
"TRIP12","PIAS3",0.89,1.32,0.998056311
"TRIP12","PIAS4",NA,NA,NA
"TSPYL2","NSMCE2",5.5,5.23,0.143028696
"TSPYL2","PIAS1",NA,NA,NA
"TSPYL2","PIAS2",NA,NA,NA
"TSPYL2","PIAS3",NA,NA,NA
"TSPYL2","PIAS4",NA,NA,NA
"U2SURP","NSMCE2",NA,NA,NA
"U2SURP","PIAS1",NA,NA,NA
"U2SURP","PIAS2",0.38,1.38,-0.08257871
"U2SURP","PIAS3",NA,NA,NA
"U2SURP","PIAS4",NA,NA,NA
"UBA2","NSMCE2",2.57,4.46,1.121125114
"UBA2","PIAS1",NA,NA,NA
"UBA2","PIAS2",NA,NA,NA
"UBA2","PIAS3",NA,NA,NA
"UBA2","PIAS4",NA,NA,NA
"UBAC2","NSMCE2",NA,NA,NA
"UBAC2","PIAS1",NA,NA,NA
"UBAC2","PIAS2",NA,NA,NA
"UBAC2","PIAS3",0.29,1.31,0.231174425
"UBAC2","PIAS4",NA,NA,NA
"UBB","NSMCE2",2.37,3.33,-0.13752137
"UBB","PIAS1",0.61,1.42,-0.401292701
"UBB","PIAS2",NA,NA,NA
"UBB","PIAS3",NA,NA,NA
"UBB","PIAS4",0.74,2.99,-0.003525115
"UBC","NSMCE2",2.37,3.33,-0.13752137
"UBC","PIAS1",0.61,1.42,-0.401292701
"UBC","PIAS2",NA,NA,NA
"UBC","PIAS3",NA,NA,NA
"UBC","PIAS4",0.74,2.99,-0.003525115
"UBE2I","NSMCE2",NA,NA,NA
"UBE2I","PIAS1",3.92,3.82,0.850003738
"UBE2I","PIAS2",NA,NA,NA
"UBE2I","PIAS3",NA,NA,NA
"UBE2I","PIAS4",NA,NA,NA
"UGT8","NSMCE2",NA,NA,NA
"UGT8","PIAS1",NA,NA,NA
"UGT8","PIAS2",0.45,1.33,0.202027875
"UGT8","PIAS3",NA,NA,NA
"UGT8","PIAS4",NA,NA,NA
"UIMC1","NSMCE2",7.56,7.77,0.084296443
"UIMC1","PIAS1",NA,NA,NA
"UIMC1","PIAS2",NA,NA,NA
"UIMC1","PIAS3",NA,NA,NA
"UIMC1","PIAS4",5.24,6.01,0.060946912
"UQCRQ","NSMCE2",NA,NA,NA
"UQCRQ","PIAS1",NA,NA,NA
"UQCRQ","PIAS2",2.82,1.56,0.368911078
"UQCRQ","PIAS3",NA,NA,NA
"UQCRQ","PIAS4",NA,NA,NA
"USMG5","NSMCE2",NA,NA,NA
"USMG5","PIAS1",NA,NA,NA
"USMG5","PIAS2",0.68,2.47,0.208277485
"USMG5","PIAS3",NA,NA,NA
"USMG5","PIAS4",NA,NA,NA
"USP13","NSMCE2",5.15,5.63,0.150989504
"USP13","PIAS1",NA,NA,NA
"USP13","PIAS2",NA,NA,NA
"USP13","PIAS3",NA,NA,NA
"USP13","PIAS4",NA,NA,NA
"USP22","NSMCE2",NA,NA,NA
"USP22","PIAS1",NA,NA,NA
"USP22","PIAS2",NA,NA,NA
"USP22","PIAS3",0.28,1.41,1.469191772
"USP22","PIAS4",NA,NA,NA
"USP39","NSMCE2",0.71,2.52,1.012512635
"USP39","PIAS1",NA,NA,NA
"USP39","PIAS2",0.3,2.33,-0.636234674
"USP39","PIAS3",NA,NA,NA
"USP39","PIAS4",NA,NA,NA
"UTP11L","NSMCE2",4.66,5.14,0.333043848
"UTP11L","PIAS1",NA,NA,NA
"UTP11L","PIAS2",NA,NA,NA
"UTP11L","PIAS3",NA,NA,NA
"UTP11L","PIAS4",NA,NA,NA
"UTP14A","NSMCE2",7.27,6.48,0.963329508
"UTP14A","PIAS1",NA,NA,NA
"UTP14A","PIAS2",NA,NA,NA
"UTP14A","PIAS3",NA,NA,NA
"UTP14A","PIAS4",NA,NA,NA
"UTP18","NSMCE2",2.48,4,0.294116664
"UTP18","PIAS1",NA,NA,NA
"UTP18","PIAS2",NA,NA,NA
"UTP18","PIAS3",NA,NA,NA
"UTP18","PIAS4",4.57,2.58,0.17477682
"UTP3","NSMCE2",5.17,4.17,0.926087161
"UTP3","PIAS1",NA,NA,NA
"UTP3","PIAS2",NA,NA,NA
"UTP3","PIAS3",NA,NA,NA
"UTP3","PIAS4",NA,NA,NA
"UTP6","NSMCE2",NA,NA,NA
"UTP6","PIAS1",NA,NA,NA
"UTP6","PIAS2",0.96,3.22,0.062695887
"UTP6","PIAS3",NA,NA,NA
"UTP6","PIAS4",NA,NA,NA
"VAMP7","NSMCE2",NA,NA,NA
"VAMP7","PIAS1",NA,NA,NA
"VAMP7","PIAS2",NA,NA,NA
"VAMP7","PIAS3",0.3,1.79,-0.107990886
"VAMP7","PIAS4",NA,NA,NA
"VAPA","NSMCE2",NA,NA,NA
"VAPA","PIAS1",NA,NA,NA
"VAPA","PIAS2",0.34,2.4,-0.415386827
"VAPA","PIAS3",NA,NA,NA
"VAPA","PIAS4",NA,NA,NA
"VARS","NSMCE2",NA,NA,NA
"VARS","PIAS1",NA,NA,NA
"VARS","PIAS2",1.1,2.92,0.600387153
"VARS","PIAS3",NA,NA,NA
"VARS","PIAS4",NA,NA,NA
"VAT1","NSMCE2",NA,NA,NA
"VAT1","PIAS1",NA,NA,NA
"VAT1","PIAS2",0.57,2.82,-0.033576324
"VAT1","PIAS3",NA,NA,NA
"VAT1","PIAS4",NA,NA,NA
"VGLL3","NSMCE2",NA,NA,NA
"VGLL3","PIAS1",NA,NA,NA
"VGLL3","PIAS2",NA,NA,NA
"VGLL3","PIAS3",NA,NA,NA
"VGLL3","PIAS4",0.47,1.54,-0.499274223
"VMP1","NSMCE2",NA,NA,NA
"VMP1","PIAS1",NA,NA,NA
"VMP1","PIAS2",0.58,1.86,0.658687977
"VMP1","PIAS3",NA,NA,NA
"VMP1","PIAS4",NA,NA,NA
"VPS35","NSMCE2",NA,NA,NA
"VPS35","PIAS1",NA,NA,NA
"VPS35","PIAS2",0.61,1.63,0.116872254
"VPS35","PIAS3",NA,NA,NA
"VPS35","PIAS4",NA,NA,NA
"WDR18","NSMCE2",NA,NA,NA
"WDR18","PIAS1",NA,NA,NA
"WDR18","PIAS2",0.45,2.16,-0.000137726
"WDR18","PIAS3",NA,NA,NA
"WDR18","PIAS4",NA,NA,NA
"WDR3","NSMCE2",NA,NA,NA
"WDR3","PIAS1",NA,NA,NA
"WDR3","PIAS2",0.42,2.89,0.208458957
"WDR3","PIAS3",NA,NA,NA
"WDR3","PIAS4",NA,NA,NA
"WDR36","NSMCE2",NA,NA,NA
"WDR36","PIAS1",NA,NA,NA
"WDR36","PIAS2",0.68,2.34,0.24699828
"WDR36","PIAS3",NA,NA,NA
"WDR36","PIAS4",NA,NA,NA
"WDR43","NSMCE2",1.33,2.42,0.580712636
"WDR43","PIAS1",NA,NA,NA
"WDR43","PIAS2",NA,NA,NA
"WDR43","PIAS3",NA,NA,NA
"WDR43","PIAS4",NA,NA,NA
"WDR75","NSMCE2",NA,NA,NA
"WDR75","PIAS1",NA,NA,NA
"WDR75","PIAS2",1.35,1.4,0.140068891
"WDR75","PIAS3",NA,NA,NA
"WDR75","PIAS4",NA,NA,NA
"WIZ","NSMCE2",6.44,6.19,-0.038877774
"WIZ","PIAS1",5.18,5.76,0.570326769
"WIZ","PIAS2",3.56,3.91,0.017827675
"WIZ","PIAS3",NA,NA,NA
"WIZ","PIAS4",6.39,4.15,0.248264735
"WRN","NSMCE2",2.83,3.52,0.269533993
"WRN","PIAS1",NA,NA,NA
"WRN","PIAS2",NA,NA,NA
"WRN","PIAS3",NA,NA,NA
"WRN","PIAS4",NA,NA,NA
"XBP1","NSMCE2",NA,NA,NA
"XBP1","PIAS1",NA,NA,NA
"XBP1","PIAS2",NA,NA,NA
"XBP1","PIAS3",NA,NA,NA
"XBP1","PIAS4",3.29,1.85,0.286672967
"XPO1","NSMCE2",0.3,1.32,-2.207478497
"XPO1","PIAS1",NA,NA,NA
"XPO1","PIAS2",NA,NA,NA
"XPO1","PIAS3",NA,NA,NA
"XPO1","PIAS4",NA,NA,NA
"XRCC5","NSMCE2",1.03,2.18,-0.506554925
"XRCC5","PIAS1",NA,NA,NA
"XRCC5","PIAS2",NA,NA,NA
"XRCC5","PIAS3",3.1,1.58,0.542675486
"XRCC5","PIAS4",3.25,2.73,-0.086289348
"XRCC6","NSMCE2",2.85,1.47,-0.021729845
"XRCC6","PIAS1",NA,NA,NA
"XRCC6","PIAS2",NA,NA,NA
"XRCC6","PIAS3",NA,NA,NA
"XRCC6","PIAS4",NA,NA,NA
"YEATS2","NSMCE2",8.94,4.9,0.037358328
"YEATS2","PIAS1",5.03,3.69,-0.075182366
"YEATS2","PIAS2",4.78,1.76,-0.100536615
"YEATS2","PIAS3",NA,NA,NA
"YEATS2","PIAS4",5.75,4.82,-0.034883076
"YIF1A","NSMCE2",NA,NA,NA
"YIF1A","PIAS1",NA,NA,NA
"YIF1A","PIAS2",0.31,1.33,0.051567296
"YIF1A","PIAS3",NA,NA,NA
"YIF1A","PIAS4",NA,NA,NA
"YIPF4","NSMCE2",2.6,4.05,0.959635645
"YIPF4","PIAS1",NA,NA,NA
"YIPF4","PIAS2",NA,NA,NA
"YIPF4","PIAS3",NA,NA,NA
"YIPF4","PIAS4",NA,NA,NA
"YME1L1","NSMCE2",NA,NA,NA
"YME1L1","PIAS1",NA,NA,NA
"YME1L1","PIAS2",0.61,2.7,0.123956509
"YME1L1","PIAS3",NA,NA,NA
"YME1L1","PIAS4",NA,NA,NA
"YY1AP1","NSMCE2",2.2,1.37,-0.91862961
"YY1AP1","PIAS1",2.16,1.51,0.347060535
"YY1AP1","PIAS2",NA,NA,NA
"YY1AP1","PIAS3",NA,NA,NA
"YY1AP1","PIAS4",4.21,5.94,0.11214388
"ZATT","NSMCE2",4.05,6.38,0.078325555
"ZATT","PIAS1",1.56,2.19,0.298972887
"ZATT","PIAS2",NA,NA,NA
"ZATT","PIAS3",NA,NA,NA
"ZATT","PIAS4",3.55,2.11,0.075619522
"ZBTB1","NSMCE2",5.51,5.56,0.054373999
"ZBTB1","PIAS1",NA,NA,NA
"ZBTB1","PIAS2",NA,NA,NA
"ZBTB1","PIAS3",NA,NA,NA
"ZBTB1","PIAS4",6.58,5.01,0.258901062
"ZBTB12","NSMCE2",5.9,5.02,0.193055735
"ZBTB12","PIAS1",NA,NA,NA
"ZBTB12","PIAS2",NA,NA,NA
"ZBTB12","PIAS3",NA,NA,NA
"ZBTB12","PIAS4",4.78,4.77,0.24807752
"ZBTB2","NSMCE2",6.83,6.73,0.239776086
"ZBTB2","PIAS1",3.76,1.79,1.077030818
"ZBTB2","PIAS2",NA,NA,NA
"ZBTB2","PIAS3",NA,NA,NA
"ZBTB2","PIAS4",3.81,1.5,0.795766173
"ZBTB20","NSMCE2",5.44,4.78,0.108518149
"ZBTB20","PIAS1",2.88,1.6,0.649056188
"ZBTB20","PIAS2",NA,NA,NA
"ZBTB20","PIAS3",NA,NA,NA
"ZBTB20","PIAS4",4.09,4.16,0.654941906
"ZBTB21","NSMCE2",4.71,5.49,0.187549566
"ZBTB21","PIAS1",NA,NA,NA
"ZBTB21","PIAS2",NA,NA,NA
"ZBTB21","PIAS3",NA,NA,NA
"ZBTB21","PIAS4",4.81,4.72,0.106643272
"ZBTB25","NSMCE2",5.85,4.25,0.055406039
"ZBTB25","PIAS1",NA,NA,NA
"ZBTB25","PIAS2",NA,NA,NA
"ZBTB25","PIAS3",NA,NA,NA
"ZBTB25","PIAS4",NA,NA,NA
"ZBTB33","NSMCE2",8.45,6.82,0.013142716
"ZBTB33","PIAS1",5.85,6.66,-0.019437295
"ZBTB33","PIAS2",3.88,3.75,-0.139421648
"ZBTB33","PIAS3",NA,NA,NA
"ZBTB33","PIAS4",6.51,6.85,-0.029055834
"ZBTB38","NSMCE2",6.82,5.59,0.284118429
"ZBTB38","PIAS1",4.74,4.22,0.388514606
"ZBTB38","PIAS2",NA,NA,NA
"ZBTB38","PIAS3",NA,NA,NA
"ZBTB38","PIAS4",5.92,4.62,0.123639017
"ZBTB39","NSMCE2",4.59,5.29,0.029091988
"ZBTB39","PIAS1",NA,NA,NA
"ZBTB39","PIAS2",NA,NA,NA
"ZBTB39","PIAS3",NA,NA,NA
"ZBTB39","PIAS4",NA,NA,NA
"ZBTB5","NSMCE2",7.62,5.45,0.247576821
"ZBTB5","PIAS1",4.62,4.03,0.154877525
"ZBTB5","PIAS2",NA,NA,NA
"ZBTB5","PIAS3",NA,NA,NA
"ZBTB5","PIAS4",5.27,5.13,0.479934162
"ZBTB6","NSMCE2",3.97,3.98,0.287810458
"ZBTB6","PIAS1",NA,NA,NA
"ZBTB6","PIAS2",NA,NA,NA
"ZBTB6","PIAS3",NA,NA,NA
"ZBTB6","PIAS4",NA,NA,NA
"ZBTB8A","NSMCE2",NA,NA,NA
"ZBTB8A","PIAS1",NA,NA,NA
"ZBTB8A","PIAS2",NA,NA,NA
"ZBTB8A","PIAS3",NA,NA,NA
"ZBTB8A","PIAS4",3.53,3.16,0.97428312
"ZBTB9","NSMCE2",8.57,7.31,0.046948021
"ZBTB9","PIAS1",5.62,6.59,-0.018509794
"ZBTB9","PIAS2",NA,NA,NA
"ZBTB9","PIAS3",NA,NA,NA
"ZBTB9","PIAS4",6.79,5.56,0.147201866
"ZC3H11A","NSMCE2",6.33,6.25,0.00944623
"ZC3H11A","PIAS1",NA,NA,NA
"ZC3H11A","PIAS2",NA,NA,NA
"ZC3H11A","PIAS3",NA,NA,NA
"ZC3H11A","PIAS4",5.63,6.3,0.135593398
"ZCCHC7","NSMCE2",7.62,3.83,0.215788137
"ZCCHC7","PIAS1",NA,NA,NA
"ZCCHC7","PIAS2",NA,NA,NA
"ZCCHC7","PIAS3",NA,NA,NA
"ZCCHC7","PIAS4",2.2,1.75,0.666672958
"ZDHHC5","NSMCE2",NA,NA,NA
"ZDHHC5","PIAS1",NA,NA,NA
"ZDHHC5","PIAS2",NA,NA,NA
"ZDHHC5","PIAS3",2.56,1.62,0.396352839
"ZDHHC5","PIAS4",NA,NA,NA
"ZEB1","NSMCE2",4.05,4.06,-0.045463675
"ZEB1","PIAS1",NA,NA,NA
"ZEB1","PIAS2",NA,NA,NA
"ZEB1","PIAS3",NA,NA,NA
"ZEB1","PIAS4",4.27,1.84,0.31579285
"ZFX","NSMCE2",NA,NA,NA
"ZFX","PIAS1",2.96,1.37,0.113654199
"ZFX","PIAS2",NA,NA,NA
"ZFX","PIAS3",NA,NA,NA
"ZFX","PIAS4",NA,NA,NA
"ZFY","NSMCE2",NA,NA,NA
"ZFY","PIAS1",2.96,1.37,0.113654199
"ZFY","PIAS2",NA,NA,NA
"ZFY","PIAS3",NA,NA,NA
"ZFY","PIAS4",NA,NA,NA
"ZKSCAN1","NSMCE2",3.3,2.42,0.127162439
"ZKSCAN1","PIAS1",NA,NA,NA
"ZKSCAN1","PIAS2",NA,NA,NA
"ZKSCAN1","PIAS3",NA,NA,NA
"ZKSCAN1","PIAS4",NA,NA,NA
"ZKSCAN2","NSMCE2",3.05,3.13,0.948885126
"ZKSCAN2","PIAS1",NA,NA,NA
"ZKSCAN2","PIAS2",NA,NA,NA
"ZKSCAN2","PIAS3",NA,NA,NA
"ZKSCAN2","PIAS4",3.6,4.17,0.948320664
"ZMPSTE24","NSMCE2",NA,NA,NA
"ZMPSTE24","PIAS1",NA,NA,NA
"ZMPSTE24","PIAS2",0.43,2.8,0.190734651
"ZMPSTE24","PIAS3",NA,NA,NA
"ZMPSTE24","PIAS4",NA,NA,NA
"ZMYM1","NSMCE2",2.52,1.37,-0.182504214
"ZMYM1","PIAS1",NA,NA,NA
"ZMYM1","PIAS2",NA,NA,NA
"ZMYM1","PIAS3",NA,NA,NA
"ZMYM1","PIAS4",NA,NA,NA
"ZMYM2","NSMCE2",8.23,6.12,0.054481321
"ZMYM2","PIAS1",5.5,5.2,0.551627276
"ZMYM2","PIAS2",4.02,6.32,0.025170974
"ZMYM2","PIAS3",NA,NA,NA
"ZMYM2","PIAS4",6,4.48,0.357518531
"ZMYM4","NSMCE2",8.57,4.15,0.167871438
"ZMYM4","PIAS1",6.02,1.84,0.280844585
"ZMYM4","PIAS2",6.39,2.6,0.142027388
"ZMYM4","PIAS3",NA,NA,NA
"ZMYM4","PIAS4",6.45,1.88,0.088926447
"ZNF106","NSMCE2",5.26,7.02,0.112444613
"ZNF106","PIAS1",2.81,2.17,-0.162020997
"ZNF106","PIAS2",NA,NA,NA
"ZNF106","PIAS3",NA,NA,NA
"ZNF106","PIAS4",5.22,3.16,0.35055281
"ZNF12","NSMCE2",2.71,3.53,0.05094421
"ZNF12","PIAS1",NA,NA,NA
"ZNF12","PIAS2",NA,NA,NA
"ZNF12","PIAS3",NA,NA,NA
"ZNF12","PIAS4",2.54,2.19,0.438300605
"ZNF131","NSMCE2",3.39,3.79,0.613756295
"ZNF131","PIAS1",NA,NA,NA
"ZNF131","PIAS2",NA,NA,NA
"ZNF131","PIAS3",NA,NA,NA
"ZNF131","PIAS4",NA,NA,NA
"ZNF195","NSMCE2",4.42,5.08,0.022899368
"ZNF195","PIAS1",NA,NA,NA
"ZNF195","PIAS2",NA,NA,NA
"ZNF195","PIAS3",NA,NA,NA
"ZNF195","PIAS4",NA,NA,NA
"ZNF205","NSMCE2",NA,NA,NA
"ZNF205","PIAS1",NA,NA,NA
"ZNF205","PIAS2",2.02,1.63,0.692204051
"ZNF205","PIAS3",NA,NA,NA
"ZNF205","PIAS4",NA,NA,NA
"ZNF225","NSMCE2",0.95,4.38,3.299908245
"ZNF225","PIAS1",NA,NA,NA
"ZNF225","PIAS2",NA,NA,NA
"ZNF225","PIAS3",NA,NA,NA
"ZNF225","PIAS4",NA,NA,NA
"ZNF24","NSMCE2",5.06,5.32,0.110774188
"ZNF24","PIAS1",NA,NA,NA
"ZNF24","PIAS2",NA,NA,NA
"ZNF24","PIAS3",NA,NA,NA
"ZNF24","PIAS4",5.86,5.22,0.642649518
"ZNF251","NSMCE2",2.05,1.53,0.762450409
"ZNF251","PIAS1",NA,NA,NA
"ZNF251","PIAS2",NA,NA,NA
"ZNF251","PIAS3",NA,NA,NA
"ZNF251","PIAS4",NA,NA,NA
"ZNF260","NSMCE2",NA,NA,NA
"ZNF260","PIAS1",NA,NA,NA
"ZNF260","PIAS2",0.31,3.01,4.691803907
"ZNF260","PIAS3",NA,NA,NA
"ZNF260","PIAS4",NA,NA,NA
"ZNF280C","NSMCE2",0.48,2.42,0.614448418
"ZNF280C","PIAS1",0.81,2.63,0.735762191
"ZNF280C","PIAS2",0.46,1.58,-0.133404042
"ZNF280C","PIAS3",NA,NA,NA
"ZNF280C","PIAS4",1.47,3.41,0.183012847
"ZNF317","NSMCE2",NA,NA,NA
"ZNF317","PIAS1",NA,NA,NA
"ZNF317","PIAS2",NA,NA,NA
"ZNF317","PIAS3",2.56,1.31,0.859179846
"ZNF317","PIAS4",NA,NA,NA
"ZNF320","NSMCE2",2.74,3.99,0.575826718
"ZNF320","PIAS1",NA,NA,NA
"ZNF320","PIAS2",NA,NA,NA
"ZNF320","PIAS3",NA,NA,NA
"ZNF320","PIAS4",NA,NA,NA
"ZNF347","NSMCE2",2.92,3.13,0.674661657
"ZNF347","PIAS1",NA,NA,NA
"ZNF347","PIAS2",NA,NA,NA
"ZNF347","PIAS3",NA,NA,NA
"ZNF347","PIAS4",NA,NA,NA
"ZNF35","NSMCE2",NA,NA,NA
"ZNF35","PIAS1",NA,NA,NA
"ZNF35","PIAS2",NA,NA,NA
"ZNF35","PIAS3",NA,NA,NA
"ZNF35","PIAS4",3.55,5.56,0.479237947
"ZNF445","NSMCE2",5.16,5.08,0.254713378
"ZNF445","PIAS1",NA,NA,NA
"ZNF445","PIAS2",1.26,1.4,1.132021589
"ZNF445","PIAS3",NA,NA,NA
"ZNF445","PIAS4",2.82,1.44,0.437971609
"ZNF462","NSMCE2",2.89,3.69,0.275169097
"ZNF462","PIAS1",3.36,2.28,0.693128217
"ZNF462","PIAS2",1.4,2.39,0.057956811
"ZNF462","PIAS3",NA,NA,NA
"ZNF462","PIAS4",3.58,1.9,0.133078842
"ZNF496","NSMCE2",5.88,5.93,0.092271218
"ZNF496","PIAS1",NA,NA,NA
"ZNF496","PIAS2",NA,NA,NA
"ZNF496","PIAS3",NA,NA,NA
"ZNF496","PIAS4",NA,NA,NA
"ZNF512","NSMCE2",2.26,1.86,0.044918441
"ZNF512","PIAS1",NA,NA,NA
"ZNF512","PIAS2",NA,NA,NA
"ZNF512","PIAS3",NA,NA,NA
"ZNF512","PIAS4",NA,NA,NA
"ZNF518A","NSMCE2",3.04,6.01,-0.100188378
"ZNF518A","PIAS1",3.02,2.08,0.526961552
"ZNF518A","PIAS2",NA,NA,NA
"ZNF518A","PIAS3",NA,NA,NA
"ZNF518A","PIAS4",4.89,3.43,0.232985757
"ZNF608","NSMCE2",NA,NA,NA
"ZNF608","PIAS1",0.53,1.34,1.638138038
"ZNF608","PIAS2",NA,NA,NA
"ZNF608","PIAS3",NA,NA,NA
"ZNF608","PIAS4",NA,NA,NA
"ZNF609","NSMCE2",NA,NA,NA
"ZNF609","PIAS1",0.43,1.55,-0.917547833
"ZNF609","PIAS2",NA,NA,NA
"ZNF609","PIAS3",NA,NA,NA
"ZNF609","PIAS4",NA,NA,NA
"ZNF644","NSMCE2",1.52,3.93,-0.334195197
"ZNF644","PIAS1",1.6,1.94,0.277549613
"ZNF644","PIAS2",NA,NA,NA
"ZNF644","PIAS3",NA,NA,NA
"ZNF644","PIAS4",5.45,3.41,0.120084905
"ZNF687","NSMCE2",1.72,4.39,0.700464964
"ZNF687","PIAS1",3.52,3.64,0.325816683
"ZNF687","PIAS2",NA,NA,NA
"ZNF687","PIAS3",NA,NA,NA
"ZNF687","PIAS4",4.18,5.86,0.600561132
"ZNF7","NSMCE2",NA,NA,NA
"ZNF7","PIAS1",NA,NA,NA
"ZNF7","PIAS2",NA,NA,NA
"ZNF7","PIAS3",NA,NA,NA
"ZNF7","PIAS4",2.15,1.92,0.901788294
"ZNF701","NSMCE2",NA,NA,NA
"ZNF701","PIAS1",NA,NA,NA
"ZNF701","PIAS2",NA,NA,NA
"ZNF701","PIAS3",2.09,2.91,0.728027198
"ZNF701","PIAS4",NA,NA,NA
"ZNF800","NSMCE2",1.8,3.29,1.51409055
"ZNF800","PIAS1",NA,NA,NA
"ZNF800","PIAS2",NA,NA,NA
"ZNF800","PIAS3",NA,NA,NA
"ZNF800","PIAS4",NA,NA,NA
"ZNF827","NSMCE2",7.13,4.81,0.170136601
"ZNF827","PIAS1",3.85,3.18,0.34862023
"ZNF827","PIAS2",NA,NA,NA
"ZNF827","PIAS3",NA,NA,NA
"ZNF827","PIAS4",6.84,4.9,0.145932189
"ZNF836","NSMCE2",NA,NA,NA
"ZNF836","PIAS1",NA,NA,NA
"ZNF836","PIAS2",NA,NA,NA
"ZNF836","PIAS3",NA,NA,NA
"ZNF836","PIAS4",3.46,2.55,0.076472243
"ZNF888","NSMCE2",NA,NA,NA
"ZNF888","PIAS1",NA,NA,NA
"ZNF888","PIAS2",NA,NA,NA
"ZNF888","PIAS3",2.09,2.91,0.728027198
"ZNF888","PIAS4",NA,NA,NA
"ZNHIT6","NSMCE2",5.27,5.12,-0.142713476
"ZNHIT6","PIAS1",NA,NA,NA
"ZNHIT6","PIAS2",NA,NA,NA
"ZNHIT6","PIAS3",NA,NA,NA
"ZNHIT6","PIAS4",5.47,3.13,-0.114811745
"ZSCAN26","NSMCE2",2.55,1.46,0.768041237
"ZSCAN26","PIAS1",NA,NA,NA
"ZSCAN26","PIAS2",NA,NA,NA
"ZSCAN26","PIAS3",NA,NA,NA
"ZSCAN26","PIAS4",NA,NA,NA
"ZW10","NSMCE2",NA,NA,NA
"ZW10","PIAS1",NA,NA,NA
"ZW10","PIAS2",NA,NA,NA
"ZW10","PIAS3",2.28,1.51,0.819724577
"ZW10","PIAS4",NA,NA,NA
"ZXDC","NSMCE2",4.01,3.76,0.027331264
"ZXDC","PIAS1",NA,NA,NA
"ZXDC","PIAS2",NA,NA,NA
"ZXDC","PIAS3",NA,NA,NA
"ZXDC","PIAS4",4.23,5.49,0.61770187
