"GENE_NAME","Sumo","Diff","minLogP"
"AATF","NSMCE2","5.01","10.98"
"AATF","PIAS1",NA,NA
"AATF","PIAS2",NA,NA
"AATF","PIAS3",NA,NA
"AATF","PIAS4",NA,NA
"ACADVL","NSMCE2",NA,NA
"ACADVL","PIAS1",NA,NA
"ACADVL","PIAS2","2.19","5.86"
"ACADVL","PIAS3",NA,NA
"ACADVL","PIAS4",NA,NA
"ACO2","NSMCE2","2.88","2.2"
"ACO2","PIAS1",NA,NA
"ACO2","PIAS2","3.02","2.43"
"ACO2","PIAS3",NA,NA
"ACO2","PIAS4",NA,NA
"ACTA1;ACTC1;ACTG2;ACTA2","NSMCE2",NA,NA
"ACTA1;ACTC1;ACTG2;ACTA2","PIAS1",NA,NA
"ACTA1;ACTC1;ACTG2;ACTA2","PIAS2","4.65","2.17"
"ACTA1;ACTC1;ACTG2;ACTA2","PIAS3",NA,NA
"ACTA1;ACTC1;ACTG2;ACTA2","PIAS4",NA,NA
"ACTB","NSMCE2",NA,NA
"ACTB","PIAS1",NA,NA
"ACTB","PIAS2","0.82","3.45"
"ACTB","PIAS3",NA,NA
"ACTB","PIAS4",NA,NA
"ADAM9","NSMCE2",NA,NA
"ADAM9","PIAS1",NA,NA
"ADAM9","PIAS2",NA,NA
"ADAM9","PIAS3","0.67","4.4"
"ADAM9","PIAS4",NA,NA
"ADAR","NSMCE2","2.22","2.75"
"ADAR","PIAS1",NA,NA
"ADAR","PIAS2",NA,NA
"ADAR","PIAS3",NA,NA
"ADAR","PIAS4",NA,NA
"ADCK5","NSMCE2",NA,NA
"ADCK5","PIAS1","2.21","2.66"
"ADCK5","PIAS2",NA,NA
"ADCK5","PIAS3",NA,NA
"ADCK5","PIAS4",NA,NA
"AHNAK","NSMCE2",NA,NA
"AHNAK","PIAS1",NA,NA
"AHNAK","PIAS2","2.88","2.13"
"AHNAK","PIAS3",NA,NA
"AHNAK","PIAS4",NA,NA
"AIG1","NSMCE2",NA,NA
"AIG1","PIAS1","3.75","3.15"
"AIG1","PIAS2",NA,NA
"AIG1","PIAS3",NA,NA
"AIG1","PIAS4",NA,NA
"ALDOA","NSMCE2",NA,NA
"ALDOA","PIAS1",NA,NA
"ALDOA","PIAS2","3.58","2.64"
"ALDOA","PIAS3",NA,NA
"ALDOA","PIAS4",NA,NA
"ALPP;ALPPL2","NSMCE2",NA,NA
"ALPP;ALPPL2","PIAS1",NA,NA
"ALPP;ALPPL2","PIAS2",NA,NA
"ALPP;ALPPL2","PIAS3",NA,NA
"ALPP;ALPPL2","PIAS4","4.1","3.71"
"ANKRD28","NSMCE2",NA,NA
"ANKRD28","PIAS1",NA,NA
"ANKRD28","PIAS2","2.28","2.69"
"ANKRD28","PIAS3",NA,NA
"ANKRD28","PIAS4",NA,NA
"ANXA1","NSMCE2",NA,NA
"ANXA1","PIAS1",NA,NA
"ANXA1","PIAS2","2.84","2.55"
"ANXA1","PIAS3",NA,NA
"ANXA1","PIAS4",NA,NA
"ANXA2;ANXA2P2","NSMCE2",NA,NA
"ANXA2;ANXA2P2","PIAS1",NA,NA
"ANXA2;ANXA2P2","PIAS2","1.88","4"
"ANXA2;ANXA2P2","PIAS3",NA,NA
"ANXA2;ANXA2P2","PIAS4",NA,NA
"ANXA5","NSMCE2",NA,NA
"ANXA5","PIAS1",NA,NA
"ANXA5","PIAS2","2.84","2.2"
"ANXA5","PIAS3",NA,NA
"ANXA5","PIAS4",NA,NA
"AP1B1","NSMCE2",NA,NA
"AP1B1","PIAS1",NA,NA
"AP1B1","PIAS2","2.43","2.31"
"AP1B1","PIAS3",NA,NA
"AP1B1","PIAS4",NA,NA
"AP1M1","NSMCE2",NA,NA
"AP1M1","PIAS1",NA,NA
"AP1M1","PIAS2","1.52","4.62"
"AP1M1","PIAS3",NA,NA
"AP1M1","PIAS4",NA,NA
"APP","NSMCE2",NA,NA
"APP","PIAS1",NA,NA
"APP","PIAS2","3.01","4.31"
"APP","PIAS3",NA,NA
"APP","PIAS4",NA,NA
"ARID1B","NSMCE2",NA,NA
"ARID1B","PIAS1",NA,NA
"ARID1B","PIAS2",NA,NA
"ARID1B","PIAS3","4.38","2.37"
"ARID1B","PIAS4",NA,NA
"ARL6IP1","NSMCE2",NA,NA
"ARL6IP1","PIAS1",NA,NA
"ARL6IP1","PIAS2",NA,NA
"ARL6IP1","PIAS3","3.68","2.31"
"ARL6IP1","PIAS4",NA,NA
"ATAD2","NSMCE2","3.19","3.81"
"ATAD2","PIAS1",NA,NA
"ATAD2","PIAS2",NA,NA
"ATAD2","PIAS3",NA,NA
"ATAD2","PIAS4",NA,NA
"ATAD5","NSMCE2","2.69","3.71"
"ATAD5","PIAS1",NA,NA
"ATAD5","PIAS2",NA,NA
"ATAD5","PIAS3",NA,NA
"ATAD5","PIAS4",NA,NA
"ATP1A1","NSMCE2",NA,NA
"ATP1A1","PIAS1","0.78","4.05"
"ATP1A1","PIAS2",NA,NA
"ATP1A1","PIAS3",NA,NA
"ATP1A1","PIAS4",NA,NA
"ATP1B1","NSMCE2",NA,NA
"ATP1B1","PIAS1",NA,NA
"ATP1B1","PIAS2",NA,NA
"ATP1B1","PIAS3","0.93","4"
"ATP1B1","PIAS4",NA,NA
"ATP2B1","NSMCE2",NA,NA
"ATP2B1","PIAS1","1.18","4"
"ATP2B1","PIAS2",NA,NA
"ATP2B1","PIAS3",NA,NA
"ATP2B1","PIAS4",NA,NA
"ATP5A1","NSMCE2",NA,NA
"ATP5A1","PIAS1",NA,NA
"ATP5A1","PIAS2","3.22","2.13"
"ATP5A1","PIAS3",NA,NA
"ATP5A1","PIAS4",NA,NA
"ATP5B","NSMCE2",NA,NA
"ATP5B","PIAS1",NA,NA
"ATP5B","PIAS2","2.26","2.42"
"ATP5B","PIAS3",NA,NA
"ATP5B","PIAS4",NA,NA
"ATRN","NSMCE2",NA,NA
"ATRN","PIAS1","2.13","3.24"
"ATRN","PIAS2",NA,NA
"ATRN","PIAS3",NA,NA
"ATRN","PIAS4",NA,NA
"BARD1","NSMCE2","3.16","4.72"
"BARD1","PIAS1",NA,NA
"BARD1","PIAS2",NA,NA
"BARD1","PIAS3",NA,NA
"BARD1","PIAS4",NA,NA
"BAZ1B","NSMCE2","1.08","2.67"
"BAZ1B","PIAS1",NA,NA
"BAZ1B","PIAS2",NA,NA
"BAZ1B","PIAS3",NA,NA
"BAZ1B","PIAS4",NA,NA
"BBX","NSMCE2","2.58","3.8"
"BBX","PIAS1",NA,NA
"BBX","PIAS2",NA,NA
"BBX","PIAS3",NA,NA
"BBX","PIAS4",NA,NA
"BCLAF1","NSMCE2","3.59","2.19"
"BCLAF1","PIAS1",NA,NA
"BCLAF1","PIAS2",NA,NA
"BCLAF1","PIAS3",NA,NA
"BCLAF1","PIAS4",NA,NA
"BEND3","NSMCE2","2.82","4.93"
"BEND3","PIAS1",NA,NA
"BEND3","PIAS2",NA,NA
"BEND3","PIAS3",NA,NA
"BEND3","PIAS4",NA,NA
"BHLHE41","NSMCE2","4.46","2.86"
"BHLHE41","PIAS1",NA,NA
"BHLHE41","PIAS2",NA,NA
"BHLHE41","PIAS3",NA,NA
"BHLHE41","PIAS4",NA,NA
"BLM","NSMCE2","4.1","3.28"
"BLM","PIAS1",NA,NA
"BLM","PIAS2",NA,NA
"BLM","PIAS3",NA,NA
"BLM","PIAS4",NA,NA
"BMPR2","NSMCE2",NA,NA
"BMPR2","PIAS1","3.13","2.84"
"BMPR2","PIAS2",NA,NA
"BMPR2","PIAS3",NA,NA
"BMPR2","PIAS4",NA,NA
"BMS1","NSMCE2","4.33","3.88"
"BMS1","PIAS1",NA,NA
"BMS1","PIAS2",NA,NA
"BMS1","PIAS3",NA,NA
"BMS1","PIAS4",NA,NA
"BOP1","NSMCE2","2.25","2.29"
"BOP1","PIAS1",NA,NA
"BOP1","PIAS2",NA,NA
"BOP1","PIAS3",NA,NA
"BOP1","PIAS4",NA,NA
"BRCA1","NSMCE2","4.75","5.57"
"BRCA1","PIAS1",NA,NA
"BRCA1","PIAS2",NA,NA
"BRCA1","PIAS3",NA,NA
"BRCA1","PIAS4",NA,NA
"BRIX1","NSMCE2","2.87","2.45"
"BRIX1","PIAS1",NA,NA
"BRIX1","PIAS2",NA,NA
"BRIX1","PIAS3",NA,NA
"BRIX1","PIAS4",NA,NA
"BTAF1","NSMCE2",NA,NA
"BTAF1","PIAS1",NA,NA
"BTAF1","PIAS2","2.46","3.43"
"BTAF1","PIAS3",NA,NA
"BTAF1","PIAS4",NA,NA
"BUB1","NSMCE2",NA,NA
"BUB1","PIAS1",NA,NA
"BUB1","PIAS2",NA,NA
"BUB1","PIAS3",NA,NA
"BUB1","PIAS4","5.63","10.78"
"C10orf35","NSMCE2",NA,NA
"C10orf35","PIAS1",NA,NA
"C10orf35","PIAS2",NA,NA
"C10orf35","PIAS3","1.36","3.39"
"C10orf35","PIAS4",NA,NA
"C10orf90","NSMCE2",NA,NA
"C10orf90","PIAS1","3.15","3.66"
"C10orf90","PIAS2",NA,NA
"C10orf90","PIAS3",NA,NA
"C10orf90","PIAS4",NA,NA
"C11orf84","NSMCE2","3.98","2.39"
"C11orf84","PIAS1",NA,NA
"C11orf84","PIAS2",NA,NA
"C11orf84","PIAS3",NA,NA
"C11orf84","PIAS4",NA,NA
"C14orf93","NSMCE2","4.37","11.24"
"C14orf93","PIAS1",NA,NA
"C14orf93","PIAS2",NA,NA
"C14orf93","PIAS3",NA,NA
"C14orf93","PIAS4",NA,NA
"C18orf25","NSMCE2","5.1","10.8"
"C18orf25","PIAS1",NA,NA
"C18orf25","PIAS2",NA,NA
"C18orf25","PIAS3",NA,NA
"C18orf25","PIAS4",NA,NA
"C20orf24","NSMCE2",NA,NA
"C20orf24","PIAS1",NA,NA
"C20orf24","PIAS2","4.87","6.47"
"C20orf24","PIAS3",NA,NA
"C20orf24","PIAS4",NA,NA
"C3orf17","NSMCE2","3.29","2.5"
"C3orf17","PIAS1",NA,NA
"C3orf17","PIAS2",NA,NA
"C3orf17","PIAS3",NA,NA
"C3orf17","PIAS4",NA,NA
"C6orf89","NSMCE2",NA,NA
"C6orf89","PIAS1","2.6","2.58"
"C6orf89","PIAS2",NA,NA
"C6orf89","PIAS3",NA,NA
"C6orf89","PIAS4",NA,NA
"CADM4","NSMCE2",NA,NA
"CADM4","PIAS1",NA,NA
"CADM4","PIAS2",NA,NA
"CADM4","PIAS3","0.71","4.34"
"CADM4","PIAS4",NA,NA
"CALR","NSMCE2",NA,NA
"CALR","PIAS1",NA,NA
"CALR","PIAS2","3.78","3.76"
"CALR","PIAS3",NA,NA
"CALR","PIAS4",NA,NA
"CAND1","NSMCE2",NA,NA
"CAND1","PIAS1",NA,NA
"CAND1","PIAS2","1.53","4.14"
"CAND1","PIAS3",NA,NA
"CAND1","PIAS4",NA,NA
"CANX","NSMCE2",NA,NA
"CANX","PIAS1","1.03","5.34"
"CANX","PIAS2",NA,NA
"CANX","PIAS3",NA,NA
"CANX","PIAS4",NA,NA
"CASC5","NSMCE2","3.26","4.99"
"CASC5","PIAS1",NA,NA
"CASC5","PIAS2",NA,NA
"CASC5","PIAS3",NA,NA
"CASC5","PIAS4",NA,NA
"CASP8AP2","NSMCE2","6.12","4.05"
"CASP8AP2","PIAS1",NA,NA
"CASP8AP2","PIAS2",NA,NA
"CASP8AP2","PIAS3",NA,NA
"CASP8AP2","PIAS4",NA,NA
"CBX2","NSMCE2","4.13","5.98"
"CBX2","PIAS1",NA,NA
"CBX2","PIAS2",NA,NA
"CBX2","PIAS3",NA,NA
"CBX2","PIAS4",NA,NA
"CCNL1","NSMCE2",NA,NA
"CCNL1","PIAS1",NA,NA
"CCNL1","PIAS2",NA,NA
"CCNL1","PIAS3","0.78","3.43"
"CCNL1","PIAS4",NA,NA
"CCT2","NSMCE2",NA,NA
"CCT2","PIAS1",NA,NA
"CCT2","PIAS2","4.29","5.28"
"CCT2","PIAS3",NA,NA
"CCT2","PIAS4",NA,NA
"CCT3","NSMCE2",NA,NA
"CCT3","PIAS1",NA,NA
"CCT3","PIAS2","5.31","2.49"
"CCT3","PIAS3",NA,NA
"CCT3","PIAS4",NA,NA
"CCT4","NSMCE2",NA,NA
"CCT4","PIAS1",NA,NA
"CCT4","PIAS2","3.89","7.52"
"CCT4","PIAS3",NA,NA
"CCT4","PIAS4",NA,NA
"CCT5","NSMCE2",NA,NA
"CCT5","PIAS1",NA,NA
"CCT5","PIAS2","3.76","8.37"
"CCT5","PIAS3",NA,NA
"CCT5","PIAS4",NA,NA
"CCT6A","NSMCE2",NA,NA
"CCT6A","PIAS1",NA,NA
"CCT6A","PIAS2","2.64","4.28"
"CCT6A","PIAS3",NA,NA
"CCT6A","PIAS4",NA,NA
"CCT8","NSMCE2",NA,NA
"CCT8","PIAS1",NA,NA
"CCT8","PIAS2","1.71","4.77"
"CCT8","PIAS3",NA,NA
"CCT8","PIAS4",NA,NA
"CCZ1B;CCZ1","NSMCE2",NA,NA
"CCZ1B;CCZ1","PIAS1",NA,NA
"CCZ1B;CCZ1","PIAS2","2.5","2.83"
"CCZ1B;CCZ1","PIAS3",NA,NA
"CCZ1B;CCZ1","PIAS4",NA,NA
"CD151","NSMCE2",NA,NA
"CD151","PIAS1",NA,NA
"CD151","PIAS2",NA,NA
"CD151","PIAS3","2.17","2.51"
"CD151","PIAS4",NA,NA
"CDC5L","NSMCE2","2.16","4.05"
"CDC5L","PIAS1",NA,NA
"CDC5L","PIAS2",NA,NA
"CDC5L","PIAS3",NA,NA
"CDC5L","PIAS4",NA,NA
"CDK11A","NSMCE2","4.7","2.95"
"CDK11A","PIAS1",NA,NA
"CDK11A","PIAS2",NA,NA
"CDK11A","PIAS3",NA,NA
"CDK11A","PIAS4",NA,NA
"CDK11B","NSMCE2","3.73","7.86"
"CDK11B","PIAS1",NA,NA
"CDK11B","PIAS2",NA,NA
"CDK11B","PIAS3",NA,NA
"CDK11B","PIAS4",NA,NA
"CDK5RAP3","NSMCE2",NA,NA
"CDK5RAP3","PIAS1",NA,NA
"CDK5RAP3","PIAS2",NA,NA
"CDK5RAP3","PIAS3","2.46","5.06"
"CDK5RAP3","PIAS4",NA,NA
"CDSN","NSMCE2","3.24","2.51"
"CDSN","PIAS1",NA,NA
"CDSN","PIAS2",NA,NA
"CDSN","PIAS3",NA,NA
"CDSN","PIAS4",NA,NA
"CENPB","NSMCE2","4.69","12.46"
"CENPB","PIAS1",NA,NA
"CENPB","PIAS2",NA,NA
"CENPB","PIAS3",NA,NA
"CENPB","PIAS4",NA,NA
"CENPC","NSMCE2","4.53","5.01"
"CENPC","PIAS1",NA,NA
"CENPC","PIAS2",NA,NA
"CENPC","PIAS3",NA,NA
"CENPC","PIAS4",NA,NA
"CENPP","NSMCE2","2.48","2.4"
"CENPP","PIAS1",NA,NA
"CENPP","PIAS2",NA,NA
"CENPP","PIAS3",NA,NA
"CENPP","PIAS4",NA,NA
"CEPT1","NSMCE2",NA,NA
"CEPT1","PIAS1",NA,NA
"CEPT1","PIAS2","3.48","2.7"
"CEPT1","PIAS3",NA,NA
"CEPT1","PIAS4",NA,NA
"CERS2","NSMCE2",NA,NA
"CERS2","PIAS1",NA,NA
"CERS2","PIAS2","0.75","3.67"
"CERS2","PIAS3",NA,NA
"CERS2","PIAS4",NA,NA
"CHD4","NSMCE2","0.9","3.64"
"CHD4","PIAS1",NA,NA
"CHD4","PIAS2",NA,NA
"CHD4","PIAS3",NA,NA
"CHD4","PIAS4",NA,NA
"CIRH1A","NSMCE2","0.57","5.17"
"CIRH1A","PIAS1",NA,NA
"CIRH1A","PIAS2",NA,NA
"CIRH1A","PIAS3",NA,NA
"CIRH1A","PIAS4",NA,NA
"CLK3","NSMCE2",NA,NA
"CLK3","PIAS1",NA,NA
"CLK3","PIAS2",NA,NA
"CLK3","PIAS3","0.64","4.36"
"CLK3","PIAS4",NA,NA
"CNP","NSMCE2",NA,NA
"CNP","PIAS1",NA,NA
"CNP","PIAS2","2.7","3.06"
"CNP","PIAS3",NA,NA
"CNP","PIAS4",NA,NA
"COA1","NSMCE2",NA,NA
"COA1","PIAS1",NA,NA
"COA1","PIAS2","2.29","2.35"
"COA1","PIAS3",NA,NA
"COA1","PIAS4",NA,NA
"COIL","NSMCE2","5.82","11.35"
"COIL","PIAS1",NA,NA
"COIL","PIAS2",NA,NA
"COIL","PIAS3",NA,NA
"COIL","PIAS4",NA,NA
"COPG1","NSMCE2",NA,NA
"COPG1","PIAS1",NA,NA
"COPG1","PIAS2","1.48","3.92"
"COPG1","PIAS3",NA,NA
"COPG1","PIAS4",NA,NA
"COPS3","NSMCE2",NA,NA
"COPS3","PIAS1",NA,NA
"COPS3","PIAS2","2.98","2.55"
"COPS3","PIAS3",NA,NA
"COPS3","PIAS4",NA,NA
"CRYAB","NSMCE2",NA,NA
"CRYAB","PIAS1",NA,NA
"CRYAB","PIAS2","3.32","3.45"
"CRYAB","PIAS3",NA,NA
"CRYAB","PIAS4",NA,NA
"CSRP2BP","NSMCE2","3.62","10.14"
"CSRP2BP","PIAS1",NA,NA
"CSRP2BP","PIAS2",NA,NA
"CSRP2BP","PIAS3",NA,NA
"CSRP2BP","PIAS4",NA,NA
"CSTA","NSMCE2",NA,NA
"CSTA","PIAS1",NA,NA
"CSTA","PIAS2","2.4","2.55"
"CSTA","PIAS3",NA,NA
"CSTA","PIAS4",NA,NA
"CYB5R3","NSMCE2",NA,NA
"CYB5R3","PIAS1","1.26","3.09"
"CYB5R3","PIAS2",NA,NA
"CYB5R3","PIAS3",NA,NA
"CYB5R3","PIAS4",NA,NA
"CYBRD1","NSMCE2",NA,NA
"CYBRD1","PIAS1",NA,NA
"CYBRD1","PIAS2",NA,NA
"CYBRD1","PIAS3","4.03","5.83"
"CYBRD1","PIAS4",NA,NA
"CYC1","NSMCE2",NA,NA
"CYC1","PIAS1",NA,NA
"CYC1","PIAS2","1.17","3.43"
"CYC1","PIAS3",NA,NA
"CYC1","PIAS4",NA,NA
"DARS","NSMCE2",NA,NA
"DARS","PIAS1",NA,NA
"DARS","PIAS2","3","2.14"
"DARS","PIAS3",NA,NA
"DARS","PIAS4",NA,NA
"DAXX","NSMCE2","5.44","9.55"
"DAXX","PIAS1",NA,NA
"DAXX","PIAS2",NA,NA
"DAXX","PIAS3",NA,NA
"DAXX","PIAS4",NA,NA
"DDX10","NSMCE2","3.78","9.61"
"DDX10","PIAS1",NA,NA
"DDX10","PIAS2",NA,NA
"DDX10","PIAS3",NA,NA
"DDX10","PIAS4",NA,NA
"DDX17","NSMCE2","2.56","2.4"
"DDX17","PIAS1",NA,NA
"DDX17","PIAS2",NA,NA
"DDX17","PIAS3",NA,NA
"DDX17","PIAS4",NA,NA
"DDX18","NSMCE2","3.69","4.43"
"DDX18","PIAS1",NA,NA
"DDX18","PIAS2",NA,NA
"DDX18","PIAS3",NA,NA
"DDX18","PIAS4",NA,NA
"DDX21","NSMCE2","5.8","4.46"
"DDX21","PIAS1",NA,NA
"DDX21","PIAS2",NA,NA
"DDX21","PIAS3",NA,NA
"DDX21","PIAS4",NA,NA
"DDX52","NSMCE2","4.23","9.39"
"DDX52","PIAS1",NA,NA
"DDX52","PIAS2",NA,NA
"DDX52","PIAS3",NA,NA
"DDX52","PIAS4",NA,NA
"DDX56","NSMCE2","2.51","2.74"
"DDX56","PIAS1",NA,NA
"DDX56","PIAS2",NA,NA
"DDX56","PIAS3",NA,NA
"DDX56","PIAS4",NA,NA
"DERL2","NSMCE2",NA,NA
"DERL2","PIAS1",NA,NA
"DERL2","PIAS2","3.04","2.22"
"DERL2","PIAS3",NA,NA
"DERL2","PIAS4",NA,NA
"DHDDS","NSMCE2",NA,NA
"DHDDS","PIAS1",NA,NA
"DHDDS","PIAS2","1.76","2.69"
"DHDDS","PIAS3",NA,NA
"DHDDS","PIAS4",NA,NA
"DKC1","NSMCE2","3.24","2.95"
"DKC1","PIAS1",NA,NA
"DKC1","PIAS2",NA,NA
"DKC1","PIAS3",NA,NA
"DKC1","PIAS4",NA,NA
"DLD","NSMCE2",NA,NA
"DLD","PIAS1",NA,NA
"DLD","PIAS2","3.37","3.2"
"DLD","PIAS3",NA,NA
"DLD","PIAS4",NA,NA
"DNAJC8","NSMCE2","3.7","3.12"
"DNAJC8","PIAS1",NA,NA
"DNAJC8","PIAS2",NA,NA
"DNAJC8","PIAS3",NA,NA
"DNAJC8","PIAS4",NA,NA
"DNTTIP2","NSMCE2","6.08","7.76"
"DNTTIP2","PIAS1",NA,NA
"DNTTIP2","PIAS2",NA,NA
"DNTTIP2","PIAS3",NA,NA
"DNTTIP2","PIAS4",NA,NA
"DSG1","NSMCE2","3.68","2.02"
"DSG1","PIAS1",NA,NA
"DSG1","PIAS2",NA,NA
"DSG1","PIAS3",NA,NA
"DSG1","PIAS4",NA,NA
"EBAG9","NSMCE2",NA,NA
"EBAG9","PIAS1",NA,NA
"EBAG9","PIAS2",NA,NA
"EBAG9","PIAS3","2.96","2.98"
"EBAG9","PIAS4",NA,NA
"EEF1A1P5;EEF1A1","NSMCE2",NA,NA
"EEF1A1P5;EEF1A1","PIAS1",NA,NA
"EEF1A1P5;EEF1A1","PIAS2","1.87","4.68"
"EEF1A1P5;EEF1A1","PIAS3",NA,NA
"EEF1A1P5;EEF1A1","PIAS4",NA,NA
"EEF2","NSMCE2",NA,NA
"EEF2","PIAS1",NA,NA
"EEF2","PIAS2","3.39","2.78"
"EEF2","PIAS3",NA,NA
"EEF2","PIAS4",NA,NA
"EIF3C;EIF3CL","NSMCE2",NA,NA
"EIF3C;EIF3CL","PIAS1",NA,NA
"EIF3C;EIF3CL","PIAS2","1.17","2.61"
"EIF3C;EIF3CL","PIAS3",NA,NA
"EIF3C;EIF3CL","PIAS4",NA,NA
"EIF4A3","NSMCE2","3.48","3.11"
"EIF4A3","PIAS1",NA,NA
"EIF4A3","PIAS2",NA,NA
"EIF4A3","PIAS3",NA,NA
"EIF4A3","PIAS4",NA,NA
"EIF4G1","NSMCE2",NA,NA
"EIF4G1","PIAS1",NA,NA
"EIF4G1","PIAS2","1.62","2.75"
"EIF4G1","PIAS3",NA,NA
"EIF4G1","PIAS4",NA,NA
"ELAVL1","NSMCE2","2.72","2.34"
"ELAVL1","PIAS1",NA,NA
"ELAVL1","PIAS2","2.57","2.09"
"ELAVL1","PIAS3",NA,NA
"ELAVL1","PIAS4",NA,NA
"ELMSAN1","NSMCE2","2.23","5.3"
"ELMSAN1","PIAS1",NA,NA
"ELMSAN1","PIAS2",NA,NA
"ELMSAN1","PIAS3",NA,NA
"ELMSAN1","PIAS4",NA,NA
"EMSY;C11orf30","NSMCE2","5.71","6.17"
"EMSY;C11orf30","PIAS1",NA,NA
"EMSY;C11orf30","PIAS2",NA,NA
"EMSY;C11orf30","PIAS3",NA,NA
"EMSY;C11orf30","PIAS4",NA,NA
"ENO1","NSMCE2",NA,NA
"ENO1","PIAS1",NA,NA
"ENO1","PIAS2","5.24","4.21"
"ENO1","PIAS3",NA,NA
"ENO1","PIAS4",NA,NA
"EPB41L2","NSMCE2",NA,NA
"EPB41L2","PIAS1",NA,NA
"EPB41L2","PIAS2","3.33","3.95"
"EPB41L2","PIAS3",NA,NA
"EPB41L2","PIAS4",NA,NA
"EPB41L3","NSMCE2",NA,NA
"EPB41L3","PIAS1",NA,NA
"EPB41L3","PIAS2","2.98","4.97"
"EPB41L3","PIAS3",NA,NA
"EPB41L3","PIAS4",NA,NA
"EPM2AIP1","NSMCE2",NA,NA
"EPM2AIP1","PIAS1",NA,NA
"EPM2AIP1","PIAS2",NA,NA
"EPM2AIP1","PIAS3","3.31","2.28"
"EPM2AIP1","PIAS4",NA,NA
"ERCC1","NSMCE2","3.81","10.43"
"ERCC1","PIAS1",NA,NA
"ERCC1","PIAS2",NA,NA
"ERCC1","PIAS3",NA,NA
"ERCC1","PIAS4",NA,NA
"ERCC4","NSMCE2","3.62","4.61"
"ERCC4","PIAS1",NA,NA
"ERCC4","PIAS2",NA,NA
"ERCC4","PIAS3",NA,NA
"ERCC4","PIAS4",NA,NA
"ERH","NSMCE2",NA,NA
"ERH","PIAS1",NA,NA
"ERH","PIAS2","3.26","2.54"
"ERH","PIAS3",NA,NA
"ERH","PIAS4",NA,NA
"ESF1","NSMCE2","4.6","8.1"
"ESF1","PIAS1",NA,NA
"ESF1","PIAS2",NA,NA
"ESF1","PIAS3",NA,NA
"ESF1","PIAS4",NA,NA
"ETV6","NSMCE2","2.57","2.38"
"ETV6","PIAS1",NA,NA
"ETV6","PIAS2",NA,NA
"ETV6","PIAS3",NA,NA
"ETV6","PIAS4",NA,NA
"EXOC2","NSMCE2",NA,NA
"EXOC2","PIAS1",NA,NA
"EXOC2","PIAS2","3.03","3.63"
"EXOC2","PIAS3",NA,NA
"EXOC2","PIAS4",NA,NA
"EXOSC10","NSMCE2","5.66","12"
"EXOSC10","PIAS1",NA,NA
"EXOSC10","PIAS2",NA,NA
"EXOSC10","PIAS3",NA,NA
"EXOSC10","PIAS4",NA,NA
"EXOSC9","NSMCE2","4.12","5.68"
"EXOSC9","PIAS1",NA,NA
"EXOSC9","PIAS2",NA,NA
"EXOSC9","PIAS3",NA,NA
"EXOSC9","PIAS4",NA,NA
"EXTL3","NSMCE2",NA,NA
"EXTL3","PIAS1",NA,NA
"EXTL3","PIAS2",NA,NA
"EXTL3","PIAS3","2.58","3"
"EXTL3","PIAS4",NA,NA
"FAM111A","NSMCE2","4.22","5.32"
"FAM111A","PIAS1",NA,NA
"FAM111A","PIAS2",NA,NA
"FAM111A","PIAS3",NA,NA
"FAM111A","PIAS4",NA,NA
"FAM178A","NSMCE2","3.28","2.84"
"FAM178A","PIAS1",NA,NA
"FAM178A","PIAS2",NA,NA
"FAM178A","PIAS3",NA,NA
"FAM178A","PIAS4",NA,NA
"FAT1","NSMCE2",NA,NA
"FAT1","PIAS1",NA,NA
"FAT1","PIAS2",NA,NA
"FAT1","PIAS3",NA,NA
"FAT1","PIAS4","6.78","5.17"
"FDXR","NSMCE2",NA,NA
"FDXR","PIAS1",NA,NA
"FDXR","PIAS2","3","2.89"
"FDXR","PIAS3",NA,NA
"FDXR","PIAS4",NA,NA
"FKBP4","NSMCE2",NA,NA
"FKBP4","PIAS1",NA,NA
"FKBP4","PIAS2","1.98","3.54"
"FKBP4","PIAS3",NA,NA
"FKBP4","PIAS4",NA,NA
"FKRP","NSMCE2",NA,NA
"FKRP","PIAS1",NA,NA
"FKRP","PIAS2",NA,NA
"FKRP","PIAS3","2.13","3.23"
"FKRP","PIAS4",NA,NA
"FNDC3B","NSMCE2",NA,NA
"FNDC3B","PIAS1",NA,NA
"FNDC3B","PIAS2",NA,NA
"FNDC3B","PIAS3","0.8","3.27"
"FNDC3B","PIAS4",NA,NA
"FOXJ3","NSMCE2",NA,NA
"FOXJ3","PIAS1",NA,NA
"FOXJ3","PIAS2","3.4","4.57"
"FOXJ3","PIAS3",NA,NA
"FOXJ3","PIAS4",NA,NA
"FSCN1","NSMCE2",NA,NA
"FSCN1","PIAS1",NA,NA
"FSCN1","PIAS2","1.64","2.5"
"FSCN1","PIAS3",NA,NA
"FSCN1","PIAS4",NA,NA
"FTSJ3","NSMCE2","1.5","7.15"
"FTSJ3","PIAS1",NA,NA
"FTSJ3","PIAS2",NA,NA
"FTSJ3","PIAS3",NA,NA
"FTSJ3","PIAS4",NA,NA
"FUT8","NSMCE2",NA,NA
"FUT8","PIAS1",NA,NA
"FUT8","PIAS2",NA,NA
"FUT8","PIAS3","1.08","5.12"
"FUT8","PIAS4",NA,NA
"G6PD","NSMCE2",NA,NA
"G6PD","PIAS1",NA,NA
"G6PD","PIAS2","2.08","2.96"
"G6PD","PIAS3",NA,NA
"G6PD","PIAS4",NA,NA
"GAPDH","NSMCE2",NA,NA
"GAPDH","PIAS1",NA,NA
"GAPDH","PIAS2","2.95","2.65"
"GAPDH","PIAS3",NA,NA
"GAPDH","PIAS4",NA,NA
"GAPVD1","NSMCE2",NA,NA
"GAPVD1","PIAS1",NA,NA
"GAPVD1","PIAS2","2.39","3.68"
"GAPVD1","PIAS3",NA,NA
"GAPVD1","PIAS4",NA,NA
"GCLC","NSMCE2",NA,NA
"GCLC","PIAS1",NA,NA
"GCLC","PIAS2","2.56","5.3"
"GCLC","PIAS3",NA,NA
"GCLC","PIAS4",NA,NA
"GLT8D1","NSMCE2",NA,NA
"GLT8D1","PIAS1",NA,NA
"GLT8D1","PIAS2",NA,NA
"GLT8D1","PIAS3","2.04","3.04"
"GLT8D1","PIAS4",NA,NA
"GNL3","NSMCE2","4","8.81"
"GNL3","PIAS1",NA,NA
"GNL3","PIAS2",NA,NA
"GNL3","PIAS3",NA,NA
"GNL3","PIAS4",NA,NA
"GOLGA5","NSMCE2",NA,NA
"GOLGA5","PIAS1",NA,NA
"GOLGA5","PIAS2",NA,NA
"GOLGA5","PIAS3","1.44","3.59"
"GOLGA5","PIAS4",NA,NA
"GOLGB1","NSMCE2",NA,NA
"GOLGB1","PIAS1",NA,NA
"GOLGB1","PIAS2",NA,NA
"GOLGB1","PIAS3","1.09","2.63"
"GOLGB1","PIAS4",NA,NA
"GOT2","NSMCE2","3.11","2.17"
"GOT2","PIAS1",NA,NA
"GOT2","PIAS2","3.24","2.35"
"GOT2","PIAS3",NA,NA
"GOT2","PIAS4",NA,NA
"GPAA1","NSMCE2",NA,NA
"GPAA1","PIAS1","1.45","4.61"
"GPAA1","PIAS2",NA,NA
"GPAA1","PIAS3",NA,NA
"GPAA1","PIAS4",NA,NA
"GPC4","NSMCE2","1.9","3.97"
"GPC4","PIAS1",NA,NA
"GPC4","PIAS2",NA,NA
"GPC4","PIAS3",NA,NA
"GPC4","PIAS4",NA,NA
"GPI","NSMCE2",NA,NA
"GPI","PIAS1",NA,NA
"GPI","PIAS2","2.61","6.79"
"GPI","PIAS3",NA,NA
"GPI","PIAS4",NA,NA
"GTF2H2C;GTF2H2","NSMCE2",NA,NA
"GTF2H2C;GTF2H2","PIAS1",NA,NA
"GTF2H2C;GTF2H2","PIAS2","1.81","2.31"
"GTF2H2C;GTF2H2","PIAS3",NA,NA
"GTF2H2C;GTF2H2","PIAS4",NA,NA
"GTF2H4","NSMCE2",NA,NA
"GTF2H4","PIAS1",NA,NA
"GTF2H4","PIAS2",NA,NA
"GTF2H4","PIAS3","1.36","5.06"
"GTF2H4","PIAS4",NA,NA
"GTSE1","NSMCE2","3.78","8.75"
"GTSE1","PIAS1",NA,NA
"GTSE1","PIAS2",NA,NA
"GTSE1","PIAS3",NA,NA
"GTSE1","PIAS4",NA,NA
"HACD2","NSMCE2",NA,NA
"HACD2","PIAS1","2.31","2.76"
"HACD2","PIAS2",NA,NA
"HACD2","PIAS3",NA,NA
"HACD2","PIAS4",NA,NA
"HAT1","NSMCE2",NA,NA
"HAT1","PIAS1",NA,NA
"HAT1","PIAS2","3.1","2.12"
"HAT1","PIAS3",NA,NA
"HAT1","PIAS4",NA,NA
"HDAC1","NSMCE2","1.83","2.69"
"HDAC1","PIAS1",NA,NA
"HDAC1","PIAS2",NA,NA
"HDAC1","PIAS3",NA,NA
"HDAC1","PIAS4",NA,NA
"HDAC9","NSMCE2","3.57","9"
"HDAC9","PIAS1",NA,NA
"HDAC9","PIAS2",NA,NA
"HDAC9","PIAS3",NA,NA
"HDAC9","PIAS4",NA,NA
"HDLBP","NSMCE2",NA,NA
"HDLBP","PIAS1",NA,NA
"HDLBP","PIAS2","2.62","2.9"
"HDLBP","PIAS3",NA,NA
"HDLBP","PIAS4",NA,NA
"HDX","NSMCE2","4.76","5.21"
"HDX","PIAS1",NA,NA
"HDX","PIAS2",NA,NA
"HDX","PIAS3",NA,NA
"HDX","PIAS4",NA,NA
"HINT1","NSMCE2",NA,NA
"HINT1","PIAS1",NA,NA
"HINT1","PIAS2","4.39","2.1"
"HINT1","PIAS3",NA,NA
"HINT1","PIAS4",NA,NA
"HIPK1","NSMCE2","3.41","2.04"
"HIPK1","PIAS1",NA,NA
"HIPK1","PIAS2",NA,NA
"HIPK1","PIAS3",NA,NA
"HIPK1","PIAS4",NA,NA
"HIST1H2BC;HIST1H2BN;HIST1H2BM;HIST1H2BH;HIST2H2BF;HIST1H2BD","NSMCE2","2.3","2.76"
"HIST1H2BC;HIST1H2BN;HIST1H2BM;HIST1H2BH;HIST2H2BF;HIST1H2BD","PIAS1",NA,NA
"HIST1H2BC;HIST1H2BN;HIST1H2BM;HIST1H2BH;HIST2H2BF;HIST1H2BD","PIAS2",NA,NA
"HIST1H2BC;HIST1H2BN;HIST1H2BM;HIST1H2BH;HIST2H2BF;HIST1H2BD","PIAS3",NA,NA
"HIST1H2BC;HIST1H2BN;HIST1H2BM;HIST1H2BH;HIST2H2BF;HIST1H2BD","PIAS4",NA,NA
"HIST1H4A","NSMCE2","1.89","2.8"
"HIST1H4A","PIAS1",NA,NA
"HIST1H4A","PIAS2",NA,NA
"HIST1H4A","PIAS3",NA,NA
"HIST1H4A","PIAS4",NA,NA
"HJURP","NSMCE2","3.56","2.42"
"HJURP","PIAS1",NA,NA
"HJURP","PIAS2",NA,NA
"HJURP","PIAS3",NA,NA
"HJURP","PIAS4",NA,NA
"HMBOX1","NSMCE2","4.72","4.43"
"HMBOX1","PIAS1",NA,NA
"HMBOX1","PIAS2",NA,NA
"HMBOX1","PIAS3",NA,NA
"HMBOX1","PIAS4",NA,NA
"HMOX1","NSMCE2",NA,NA
"HMOX1","PIAS1",NA,NA
"HMOX1","PIAS2","1.51","2.5"
"HMOX1","PIAS3",NA,NA
"HMOX1","PIAS4",NA,NA
"HNRNPA0","NSMCE2","3.58","5.39"
"HNRNPA0","PIAS1",NA,NA
"HNRNPA0","PIAS2",NA,NA
"HNRNPA0","PIAS3",NA,NA
"HNRNPA0","PIAS4",NA,NA
"HNRNPA2B1","NSMCE2","4.51","2.9"
"HNRNPA2B1","PIAS1",NA,NA
"HNRNPA2B1","PIAS2",NA,NA
"HNRNPA2B1","PIAS3",NA,NA
"HNRNPA2B1","PIAS4",NA,NA
"HNRNPA3","NSMCE2","3.79","3.52"
"HNRNPA3","PIAS1",NA,NA
"HNRNPA3","PIAS2",NA,NA
"HNRNPA3","PIAS3",NA,NA
"HNRNPA3","PIAS4",NA,NA
"HNRNPC","NSMCE2","6.35","6"
"HNRNPC","PIAS1",NA,NA
"HNRNPC","PIAS2",NA,NA
"HNRNPC","PIAS3",NA,NA
"HNRNPC","PIAS4",NA,NA
"HNRNPK","NSMCE2",NA,NA
"HNRNPK","PIAS1",NA,NA
"HNRNPK","PIAS2","2.86","2.12"
"HNRNPK","PIAS3",NA,NA
"HNRNPK","PIAS4",NA,NA
"HNRNPL","NSMCE2","3.76","2.4"
"HNRNPL","PIAS1",NA,NA
"HNRNPL","PIAS2","3.61","2.21"
"HNRNPL","PIAS3",NA,NA
"HNRNPL","PIAS4",NA,NA
"HNRNPM","NSMCE2","3.54","2.85"
"HNRNPM","PIAS1",NA,NA
"HNRNPM","PIAS2",NA,NA
"HNRNPM","PIAS3",NA,NA
"HNRNPM","PIAS4",NA,NA
"HNRNPR","NSMCE2","3.59","2.47"
"HNRNPR","PIAS1",NA,NA
"HNRNPR","PIAS2","3.33","2.11"
"HNRNPR","PIAS3",NA,NA
"HNRNPR","PIAS4",NA,NA
"HSD17B4","NSMCE2",NA,NA
"HSD17B4","PIAS1",NA,NA
"HSD17B4","PIAS2","3.45","4.5"
"HSD17B4","PIAS3",NA,NA
"HSD17B4","PIAS4",NA,NA
"HSF1","NSMCE2","4.71","2.98"
"HSF1","PIAS1",NA,NA
"HSF1","PIAS2",NA,NA
"HSF1","PIAS3",NA,NA
"HSF1","PIAS4",NA,NA
"HSF2","NSMCE2","3.06","2.02"
"HSF2","PIAS1",NA,NA
"HSF2","PIAS2",NA,NA
"HSF2","PIAS3",NA,NA
"HSF2","PIAS4",NA,NA
"HSP90AA1","NSMCE2",NA,NA
"HSP90AA1","PIAS1",NA,NA
"HSP90AA1","PIAS2","3.5","5.48"
"HSP90AA1","PIAS3",NA,NA
"HSP90AA1","PIAS4",NA,NA
"HSP90AB1","NSMCE2",NA,NA
"HSP90AB1","PIAS1",NA,NA
"HSP90AB1","PIAS2","2.26","3.34"
"HSP90AB1","PIAS3",NA,NA
"HSP90AB1","PIAS4",NA,NA
"HSP90B1","NSMCE2",NA,NA
"HSP90B1","PIAS1",NA,NA
"HSP90B1","PIAS2","3.67","2.43"
"HSP90B1","PIAS3",NA,NA
"HSP90B1","PIAS4",NA,NA
"HSPA1B;HSPA1A","NSMCE2",NA,NA
"HSPA1B;HSPA1A","PIAS1",NA,NA
"HSPA1B;HSPA1A","PIAS2","2.53","2.28"
"HSPA1B;HSPA1A","PIAS3",NA,NA
"HSPA1B;HSPA1A","PIAS4",NA,NA
"HSPA5","NSMCE2",NA,NA
"HSPA5","PIAS1",NA,NA
"HSPA5","PIAS2","4.47","2.47"
"HSPA5","PIAS3",NA,NA
"HSPA5","PIAS4",NA,NA
"HSPA6","NSMCE2","4.05","2.51"
"HSPA6","PIAS1",NA,NA
"HSPA6","PIAS2","3.74","2.13"
"HSPA6","PIAS3",NA,NA
"HSPA6","PIAS4",NA,NA
"HSPA8","NSMCE2","3.04","2.61"
"HSPA8","PIAS1",NA,NA
"HSPA8","PIAS2",NA,NA
"HSPA8","PIAS3",NA,NA
"HSPA8","PIAS4",NA,NA
"HSPA9","NSMCE2","4.72","2.07"
"HSPA9","PIAS1",NA,NA
"HSPA9","PIAS2","5.17","2.51"
"HSPA9","PIAS3",NA,NA
"HSPA9","PIAS4",NA,NA
"HSPD1","NSMCE2","2.97","2.09"
"HSPD1","PIAS1",NA,NA
"HSPD1","PIAS2","3.18","2.39"
"HSPD1","PIAS3",NA,NA
"HSPD1","PIAS4",NA,NA
"HYOU1","NSMCE2",NA,NA
"HYOU1","PIAS1",NA,NA
"HYOU1","PIAS2","3.88","10.28"
"HYOU1","PIAS3",NA,NA
"HYOU1","PIAS4",NA,NA
"IDE","NSMCE2",NA,NA
"IDE","PIAS1",NA,NA
"IDE","PIAS2","1.94","2.48"
"IDE","PIAS3",NA,NA
"IDE","PIAS4",NA,NA
"IFIT5","NSMCE2",NA,NA
"IFIT5","PIAS1",NA,NA
"IFIT5","PIAS2","2.61","3.59"
"IFIT5","PIAS3",NA,NA
"IFIT5","PIAS4",NA,NA
"IK","NSMCE2","1.4","2.63"
"IK","PIAS1",NA,NA
"IK","PIAS2",NA,NA
"IK","PIAS3",NA,NA
"IK","PIAS4",NA,NA
"IMPAD1","NSMCE2",NA,NA
"IMPAD1","PIAS1",NA,NA
"IMPAD1","PIAS2","3.5","5.07"
"IMPAD1","PIAS3",NA,NA
"IMPAD1","PIAS4",NA,NA
"IMPDH2","NSMCE2",NA,NA
"IMPDH2","PIAS1",NA,NA
"IMPDH2","PIAS2","2.64","5.92"
"IMPDH2","PIAS3",NA,NA
"IMPDH2","PIAS4",NA,NA
"INO80","NSMCE2","1.95","3.72"
"INO80","PIAS1",NA,NA
"INO80","PIAS2",NA,NA
"INO80","PIAS3",NA,NA
"INO80","PIAS4",NA,NA
"INTS10","NSMCE2",NA,NA
"INTS10","PIAS1",NA,NA
"INTS10","PIAS2","3.09","2.53"
"INTS10","PIAS3",NA,NA
"INTS10","PIAS4",NA,NA
"INTS12","NSMCE2","3.53","5.39"
"INTS12","PIAS1",NA,NA
"INTS12","PIAS2",NA,NA
"INTS12","PIAS3",NA,NA
"INTS12","PIAS4",NA,NA
"INTS7","NSMCE2",NA,NA
"INTS7","PIAS1",NA,NA
"INTS7","PIAS2","2.91","2.55"
"INTS7","PIAS3",NA,NA
"INTS7","PIAS4",NA,NA
"IQGAP1","NSMCE2",NA,NA
"IQGAP1","PIAS1",NA,NA
"IQGAP1","PIAS2","2.6","3.4"
"IQGAP1","PIAS3",NA,NA
"IQGAP1","PIAS4",NA,NA
"IRS1","NSMCE2",NA,NA
"IRS1","PIAS1",NA,NA
"IRS1","PIAS2","2.83","5.05"
"IRS1","PIAS3",NA,NA
"IRS1","PIAS4",NA,NA
"ITM2B","NSMCE2",NA,NA
"ITM2B","PIAS1",NA,NA
"ITM2B","PIAS2","3.52","3.82"
"ITM2B","PIAS3",NA,NA
"ITM2B","PIAS4",NA,NA
"ITPR3","NSMCE2",NA,NA
"ITPR3","PIAS1",NA,NA
"ITPR3","PIAS2","4.03","2.31"
"ITPR3","PIAS3",NA,NA
"ITPR3","PIAS4",NA,NA
"ITPRIPL2","NSMCE2",NA,NA
"ITPRIPL2","PIAS1",NA,NA
"ITPRIPL2","PIAS2",NA,NA
"ITPRIPL2","PIAS3","2.64","2.9"
"ITPRIPL2","PIAS4",NA,NA
"IVD","NSMCE2",NA,NA
"IVD","PIAS1",NA,NA
"IVD","PIAS2","3.25","3.16"
"IVD","PIAS3",NA,NA
"IVD","PIAS4",NA,NA
"KANSL1","NSMCE2","2.98","2.97"
"KANSL1","PIAS1",NA,NA
"KANSL1","PIAS2",NA,NA
"KANSL1","PIAS3",NA,NA
"KANSL1","PIAS4",NA,NA
"KAT7","NSMCE2","1.92","5.43"
"KAT7","PIAS1",NA,NA
"KAT7","PIAS2",NA,NA
"KAT7","PIAS3",NA,NA
"KAT7","PIAS4",NA,NA
"KCTD15","NSMCE2","4.01","3.28"
"KCTD15","PIAS1",NA,NA
"KCTD15","PIAS2",NA,NA
"KCTD15","PIAS3",NA,NA
"KCTD15","PIAS4",NA,NA
"KDM4A","NSMCE2","3.19","3.84"
"KDM4A","PIAS1",NA,NA
"KDM4A","PIAS2",NA,NA
"KDM4A","PIAS3",NA,NA
"KDM4A","PIAS4",NA,NA
"KDM5B","NSMCE2","3.28","2.76"
"KDM5B","PIAS1",NA,NA
"KDM5B","PIAS2",NA,NA
"KDM5B","PIAS3",NA,NA
"KDM5B","PIAS4",NA,NA
"KIAA0020","NSMCE2","2.68","4.64"
"KIAA0020","PIAS1",NA,NA
"KIAA0020","PIAS2",NA,NA
"KIAA0020","PIAS3",NA,NA
"KIAA0020","PIAS4",NA,NA
"KIAA1551","NSMCE2","4.21","8.02"
"KIAA1551","PIAS1",NA,NA
"KIAA1551","PIAS2",NA,NA
"KIAA1551","PIAS3",NA,NA
"KIAA1551","PIAS4",NA,NA
"KIF18A","NSMCE2","2.07","2.12"
"KIF18A","PIAS1",NA,NA
"KIF18A","PIAS2",NA,NA
"KIF18A","PIAS3",NA,NA
"KIF18A","PIAS4",NA,NA
"KIF20B","NSMCE2","6.84","1.97"
"KIF20B","PIAS1",NA,NA
"KIF20B","PIAS2","7.29","2.24"
"KIF20B","PIAS3",NA,NA
"KIF20B","PIAS4",NA,NA
"KIF23","NSMCE2","3.22","4.95"
"KIF23","PIAS1",NA,NA
"KIF23","PIAS2",NA,NA
"KIF23","PIAS3",NA,NA
"KIF23","PIAS4",NA,NA
"KIFAP3","NSMCE2",NA,NA
"KIFAP3","PIAS1",NA,NA
"KIFAP3","PIAS2",NA,NA
"KIFAP3","PIAS3","2.67","2.93"
"KIFAP3","PIAS4",NA,NA
"KLF5","NSMCE2",NA,NA
"KLF5","PIAS1",NA,NA
"KLF5","PIAS2",NA,NA
"KLF5","PIAS3",NA,NA
"KLF5","PIAS4","3.74","3.91"
"KRT9","NSMCE2","1.77","2.61"
"KRT9","PIAS1",NA,NA
"KRT9","PIAS2",NA,NA
"KRT9","PIAS3",NA,NA
"KRT9","PIAS4",NA,NA
"L1CAM","NSMCE2",NA,NA
"L1CAM","PIAS1",NA,NA
"L1CAM","PIAS2",NA,NA
"L1CAM","PIAS3","1.18","3.67"
"L1CAM","PIAS4",NA,NA
"L3MBTL2","NSMCE2","3.54","2.19"
"L3MBTL2","PIAS1",NA,NA
"L3MBTL2","PIAS2",NA,NA
"L3MBTL2","PIAS3",NA,NA
"L3MBTL2","PIAS4",NA,NA
"LAS1L","NSMCE2","3.89","4.75"
"LAS1L","PIAS1",NA,NA
"LAS1L","PIAS2",NA,NA
"LAS1L","PIAS3",NA,NA
"LAS1L","PIAS4",NA,NA
"LAYN","NSMCE2",NA,NA
"LAYN","PIAS1",NA,NA
"LAYN","PIAS2",NA,NA
"LAYN","PIAS3","3.66","4.65"
"LAYN","PIAS4",NA,NA
"LAZSUL","NSMCE2","5.73","4.51"
"LAZSUL","PIAS1",NA,NA
"LAZSUL","PIAS2",NA,NA
"LAZSUL","PIAS3",NA,NA
"LAZSUL","PIAS4",NA,NA
"LDHA","NSMCE2",NA,NA
"LDHA","PIAS1",NA,NA
"LDHA","PIAS2","2.81","2.06"
"LDHA","PIAS3",NA,NA
"LDHA","PIAS4",NA,NA
"LMAN2L","NSMCE2",NA,NA
"LMAN2L","PIAS1",NA,NA
"LMAN2L","PIAS2",NA,NA
"LMAN2L","PIAS3","1.06","2.72"
"LMAN2L","PIAS4",NA,NA
"LMNB1","NSMCE2","4.27","2.2"
"LMNB1","PIAS1",NA,NA
"LMNB1","PIAS2",NA,NA
"LMNB1","PIAS3",NA,NA
"LMNB1","PIAS4",NA,NA
"LMNB2","NSMCE2","3.25","2.21"
"LMNB2","PIAS1",NA,NA
"LMNB2","PIAS2",NA,NA
"LMNB2","PIAS3",NA,NA
"LMNB2","PIAS4",NA,NA
"LRCH4","NSMCE2",NA,NA
"LRCH4","PIAS1",NA,NA
"LRCH4","PIAS2",NA,NA
"LRCH4","PIAS3","0.8","3.44"
"LRCH4","PIAS4",NA,NA
"LRP6","NSMCE2",NA,NA
"LRP6","PIAS1",NA,NA
"LRP6","PIAS2",NA,NA
"LRP6","PIAS3","2.47","5.26"
"LRP6","PIAS4",NA,NA
"LRRC8A","NSMCE2",NA,NA
"LRRC8A","PIAS1","3.43","2.97"
"LRRC8A","PIAS2",NA,NA
"LRRC8A","PIAS3",NA,NA
"LRRC8A","PIAS4",NA,NA
"LSR","NSMCE2",NA,NA
"LSR","PIAS1","1.15","3.24"
"LSR","PIAS2",NA,NA
"LSR","PIAS3",NA,NA
"LSR","PIAS4",NA,NA
"MAF","NSMCE2",NA,NA
"MAF","PIAS1",NA,NA
"MAF","PIAS2","3.3","4.91"
"MAF","PIAS3",NA,NA
"MAF","PIAS4",NA,NA
"MAFG","NSMCE2","3.15","2.88"
"MAFG","PIAS1",NA,NA
"MAFG","PIAS2",NA,NA
"MAFG","PIAS3",NA,NA
"MAFG","PIAS4",NA,NA
"MAGEA4","NSMCE2",NA,NA
"MAGEA4","PIAS1",NA,NA
"MAGEA4","PIAS2","3.33","8.79"
"MAGEA4","PIAS3",NA,NA
"MAGEA4","PIAS4",NA,NA
"MAGED1","NSMCE2",NA,NA
"MAGED1","PIAS1",NA,NA
"MAGED1","PIAS2","3.2","4.16"
"MAGED1","PIAS3",NA,NA
"MAGED1","PIAS4",NA,NA
"MAGOHB;MAGOH","NSMCE2",NA,NA
"MAGOHB;MAGOH","PIAS1",NA,NA
"MAGOHB;MAGOH","PIAS2","2.31","2.47"
"MAGOHB;MAGOH","PIAS3",NA,NA
"MAGOHB;MAGOH","PIAS4",NA,NA
"MCM10","NSMCE2","4.95","5.87"
"MCM10","PIAS1",NA,NA
"MCM10","PIAS2",NA,NA
"MCM10","PIAS3",NA,NA
"MCM10","PIAS4",NA,NA
"MED16","NSMCE2",NA,NA
"MED16","PIAS1",NA,NA
"MED16","PIAS2",NA,NA
"MED16","PIAS3","1.72","2.98"
"MED16","PIAS4",NA,NA
"MED6","NSMCE2","3.04","6.6"
"MED6","PIAS1",NA,NA
"MED6","PIAS2",NA,NA
"MED6","PIAS3",NA,NA
"MED6","PIAS4",NA,NA
"MEF2D","NSMCE2","3.41","3.85"
"MEF2D","PIAS1",NA,NA
"MEF2D","PIAS2",NA,NA
"MEF2D","PIAS3",NA,NA
"MEF2D","PIAS4",NA,NA
"MEIS1","NSMCE2",NA,NA
"MEIS1","PIAS1",NA,NA
"MEIS1","PIAS2","2.81","3.21"
"MEIS1","PIAS3",NA,NA
"MEIS1","PIAS4",NA,NA
"MFAP3L","NSMCE2",NA,NA
"MFAP3L","PIAS1","1.91","2.95"
"MFAP3L","PIAS2",NA,NA
"MFAP3L","PIAS3",NA,NA
"MFAP3L","PIAS4",NA,NA
"MFSD10","NSMCE2",NA,NA
"MFSD10","PIAS1","3.97","2.33"
"MFSD10","PIAS2",NA,NA
"MFSD10","PIAS3",NA,NA
"MFSD10","PIAS4",NA,NA
"MGA","NSMCE2","4.83","3.1"
"MGA","PIAS1",NA,NA
"MGA","PIAS2",NA,NA
"MGA","PIAS3",NA,NA
"MGA","PIAS4",NA,NA
"MIS18BP1","NSMCE2","5.62","3.42"
"MIS18BP1","PIAS1",NA,NA
"MIS18BP1","PIAS2",NA,NA
"MIS18BP1","PIAS3",NA,NA
"MIS18BP1","PIAS4",NA,NA
"MKI67","NSMCE2","2.49","2.76"
"MKI67","PIAS1",NA,NA
"MKI67","PIAS2",NA,NA
"MKI67","PIAS3",NA,NA
"MKI67","PIAS4",NA,NA
"MMP15","NSMCE2",NA,NA
"MMP15","PIAS1","2.53","6.82"
"MMP15","PIAS2",NA,NA
"MMP15","PIAS3",NA,NA
"MMP15","PIAS4",NA,NA
"MORC2","NSMCE2","2.98","4.12"
"MORC2","PIAS1",NA,NA
"MORC2","PIAS2",NA,NA
"MORC2","PIAS3",NA,NA
"MORC2","PIAS4",NA,NA
"MPHOSPH10","NSMCE2","6.14","12.62"
"MPHOSPH10","PIAS1",NA,NA
"MPHOSPH10","PIAS2",NA,NA
"MPHOSPH10","PIAS3",NA,NA
"MPHOSPH10","PIAS4",NA,NA
"MRS2","NSMCE2",NA,NA
"MRS2","PIAS1",NA,NA
"MRS2","PIAS2",NA,NA
"MRS2","PIAS3","2.63","2.24"
"MRS2","PIAS4",NA,NA
"MSANTD4","NSMCE2","6.61","3.34"
"MSANTD4","PIAS1",NA,NA
"MSANTD4","PIAS2",NA,NA
"MSANTD4","PIAS3",NA,NA
"MSANTD4","PIAS4",NA,NA
"MSH6","NSMCE2","3.7","4"
"MSH6","PIAS1",NA,NA
"MSH6","PIAS2",NA,NA
"MSH6","PIAS3",NA,NA
"MSH6","PIAS4",NA,NA
"MSN","NSMCE2",NA,NA
"MSN","PIAS1",NA,NA
"MSN","PIAS2","3.45","2.57"
"MSN","PIAS3",NA,NA
"MSN","PIAS4",NA,NA
"MTMR1","NSMCE2",NA,NA
"MTMR1","PIAS1",NA,NA
"MTMR1","PIAS2",NA,NA
"MTMR1","PIAS3","2.56","4.38"
"MTMR1","PIAS4",NA,NA
"MTPAP","NSMCE2","1.13","3.64"
"MTPAP","PIAS1",NA,NA
"MTPAP","PIAS2",NA,NA
"MTPAP","PIAS3",NA,NA
"MTPAP","PIAS4",NA,NA
"MTUS1","NSMCE2","4.36","8.21"
"MTUS1","PIAS1",NA,NA
"MTUS1","PIAS2",NA,NA
"MTUS1","PIAS3",NA,NA
"MTUS1","PIAS4",NA,NA
"MYC","NSMCE2","4.38","11.04"
"MYC","PIAS1",NA,NA
"MYC","PIAS2",NA,NA
"MYC","PIAS3",NA,NA
"MYC","PIAS4",NA,NA
"MYDGF","NSMCE2",NA,NA
"MYDGF","PIAS1",NA,NA
"MYDGF","PIAS2","2.58","2.07"
"MYDGF","PIAS3",NA,NA
"MYDGF","PIAS4",NA,NA
"MYH9","NSMCE2",NA,NA
"MYH9","PIAS1",NA,NA
"MYH9","PIAS2","2.22","3.67"
"MYH9","PIAS3",NA,NA
"MYH9","PIAS4",NA,NA
"NAB1","NSMCE2","6.21","5.73"
"NAB1","PIAS1",NA,NA
"NAB1","PIAS2",NA,NA
"NAB1","PIAS3",NA,NA
"NAB1","PIAS4",NA,NA
"NAB2","NSMCE2","4.52","2.61"
"NAB2","PIAS1",NA,NA
"NAB2","PIAS2",NA,NA
"NAB2","PIAS3",NA,NA
"NAB2","PIAS4",NA,NA
"NAP1L3","NSMCE2","3.89","7.81"
"NAP1L3","PIAS1",NA,NA
"NAP1L3","PIAS2",NA,NA
"NAP1L3","PIAS3",NA,NA
"NAP1L3","PIAS4",NA,NA
"NCAM1","NSMCE2",NA,NA
"NCAM1","PIAS1","0.84","4.29"
"NCAM1","PIAS2",NA,NA
"NCAM1","PIAS3",NA,NA
"NCAM1","PIAS4",NA,NA
"NCL","NSMCE2","4.51","3.53"
"NCL","PIAS1",NA,NA
"NCL","PIAS2",NA,NA
"NCL","PIAS3",NA,NA
"NCL","PIAS4",NA,NA
"NDUFB8","NSMCE2",NA,NA
"NDUFB8","PIAS1",NA,NA
"NDUFB8","PIAS2",NA,NA
"NDUFB8","PIAS3","0.76","4.03"
"NDUFB8","PIAS4",NA,NA
"NELFCD","NSMCE2",NA,NA
"NELFCD","PIAS1",NA,NA
"NELFCD","PIAS2","2.33","3.72"
"NELFCD","PIAS3",NA,NA
"NELFCD","PIAS4",NA,NA
"NES","NSMCE2",NA,NA
"NES","PIAS1",NA,NA
"NES","PIAS2","3.8","2.81"
"NES","PIAS3",NA,NA
"NES","PIAS4",NA,NA
"NHP2","NSMCE2","4.24","9.66"
"NHP2","PIAS1",NA,NA
"NHP2","PIAS2",NA,NA
"NHP2","PIAS3",NA,NA
"NHP2","PIAS4",NA,NA
"NIFK","NSMCE2","7.39","12.13"
"NIFK","PIAS1",NA,NA
"NIFK","PIAS2",NA,NA
"NIFK","PIAS3",NA,NA
"NIFK","PIAS4",NA,NA
"NIPA1","NSMCE2","4.71","2.88"
"NIPA1","PIAS1",NA,NA
"NIPA1","PIAS2",NA,NA
"NIPA1","PIAS3",NA,NA
"NIPA1","PIAS4",NA,NA
"NKD1","NSMCE2",NA,NA
"NKD1","PIAS1",NA,NA
"NKD1","PIAS2","1.27","2.89"
"NKD1","PIAS3",NA,NA
"NKD1","PIAS4",NA,NA
"NKD2","NSMCE2",NA,NA
"NKD2","PIAS1",NA,NA
"NKD2","PIAS2",NA,NA
"NKD2","PIAS3","0.78","4.75"
"NKD2","PIAS4",NA,NA
"NOL10","NSMCE2","4.3","8.46"
"NOL10","PIAS1",NA,NA
"NOL10","PIAS2",NA,NA
"NOL10","PIAS3",NA,NA
"NOL10","PIAS4",NA,NA
"NOLC1","NSMCE2","4.08","9.62"
"NOLC1","PIAS1",NA,NA
"NOLC1","PIAS2",NA,NA
"NOLC1","PIAS3",NA,NA
"NOLC1","PIAS4",NA,NA
"NOP2","NSMCE2","5.86","4.91"
"NOP2","PIAS1",NA,NA
"NOP2","PIAS2",NA,NA
"NOP2","PIAS3",NA,NA
"NOP2","PIAS4",NA,NA
"NOP58","NSMCE2","5.6","5.34"
"NOP58","PIAS1",NA,NA
"NOP58","PIAS2",NA,NA
"NOP58","PIAS3",NA,NA
"NOP58","PIAS4",NA,NA
"NPAT","NSMCE2","5.41","3.26"
"NPAT","PIAS1",NA,NA
"NPAT","PIAS2",NA,NA
"NPAT","PIAS3",NA,NA
"NPAT","PIAS4",NA,NA
"NPEPPS;NPEPPSL1","NSMCE2",NA,NA
"NPEPPS;NPEPPSL1","PIAS1",NA,NA
"NPEPPS;NPEPPSL1","PIAS2","1.41","3.54"
"NPEPPS;NPEPPSL1","PIAS3",NA,NA
"NPEPPS;NPEPPSL1","PIAS4",NA,NA
"NPM1","NSMCE2","4.48","3.35"
"NPM1","PIAS1",NA,NA
"NPM1","PIAS2",NA,NA
"NPM1","PIAS3",NA,NA
"NPM1","PIAS4",NA,NA
"NSMCE2","NSMCE2","16.97","9.01"
"NSMCE2","PIAS1",NA,NA
"NSMCE2","PIAS2",NA,NA
"NSMCE2","PIAS3",NA,NA
"NSMCE2","PIAS4",NA,NA
"NUDT21","NSMCE2",NA,NA
"NUDT21","PIAS1",NA,NA
"NUDT21","PIAS2","2.29","2.59"
"NUDT21","PIAS3",NA,NA
"NUDT21","PIAS4",NA,NA
"NUMA1","NSMCE2","4.02","2.27"
"NUMA1","PIAS1",NA,NA
"NUMA1","PIAS2",NA,NA
"NUMA1","PIAS3",NA,NA
"NUMA1","PIAS4",NA,NA
"OCIAD2","NSMCE2",NA,NA
"OCIAD2","PIAS1",NA,NA
"OCIAD2","PIAS2",NA,NA
"OCIAD2","PIAS3","2.32","2.5"
"OCIAD2","PIAS4",NA,NA
"OGDHL","NSMCE2",NA,NA
"OGDHL","PIAS1",NA,NA
"OGDHL","PIAS2","2.16","2.44"
"OGDHL","PIAS3",NA,NA
"OGDHL","PIAS4",NA,NA
"OGT","NSMCE2",NA,NA
"OGT","PIAS1",NA,NA
"OGT","PIAS2",NA,NA
"OGT","PIAS3","1.05","2.93"
"OGT","PIAS4",NA,NA
"OSBP","NSMCE2",NA,NA
"OSBP","PIAS1",NA,NA
"OSBP","PIAS2","2.84","6.08"
"OSBP","PIAS3",NA,NA
"OSBP","PIAS4",NA,NA
"P4HA1","NSMCE2",NA,NA
"P4HA1","PIAS1",NA,NA
"P4HA1","PIAS2","4.02","4.17"
"P4HA1","PIAS3",NA,NA
"P4HA1","PIAS4",NA,NA
"P4HB","NSMCE2",NA,NA
"P4HB","PIAS1",NA,NA
"P4HB","PIAS2","1.52","3.06"
"P4HB","PIAS3",NA,NA
"P4HB","PIAS4",NA,NA
"PAFAH1B1","NSMCE2",NA,NA
"PAFAH1B1","PIAS1",NA,NA
"PAFAH1B1","PIAS2","3.65","2.23"
"PAFAH1B1","PIAS3",NA,NA
"PAFAH1B1","PIAS4",NA,NA
"PAFAH1B3","NSMCE2",NA,NA
"PAFAH1B3","PIAS1",NA,NA
"PAFAH1B3","PIAS2","1.61","3.24"
"PAFAH1B3","PIAS3",NA,NA
"PAFAH1B3","PIAS4",NA,NA
"PAFAH2","NSMCE2",NA,NA
"PAFAH2","PIAS1",NA,NA
"PAFAH2","PIAS2",NA,NA
"PAFAH2","PIAS3","1.98","3.38"
"PAFAH2","PIAS4",NA,NA
"PARP1","NSMCE2","3.73","2.26"
"PARP1","PIAS1",NA,NA
"PARP1","PIAS2",NA,NA
"PARP1","PIAS3",NA,NA
"PARP1","PIAS4",NA,NA
"PC","NSMCE2","2.29","2.34"
"PC","PIAS1",NA,NA
"PC","PIAS2",NA,NA
"PC","PIAS3",NA,NA
"PC","PIAS4",NA,NA
"PDCD11","NSMCE2","3.87","4.1"
"PDCD11","PIAS1",NA,NA
"PDCD11","PIAS2",NA,NA
"PDCD11","PIAS3",NA,NA
"PDCD11","PIAS4",NA,NA
"PDIA4","NSMCE2",NA,NA
"PDIA4","PIAS1",NA,NA
"PDIA4","PIAS2","4.91","2.64"
"PDIA4","PIAS3",NA,NA
"PDIA4","PIAS4",NA,NA
"PEX2","NSMCE2",NA,NA
"PEX2","PIAS1",NA,NA
"PEX2","PIAS2",NA,NA
"PEX2","PIAS3","3.18","3.14"
"PEX2","PIAS4",NA,NA
"PGD","NSMCE2",NA,NA
"PGD","PIAS1",NA,NA
"PGD","PIAS2","3.36","3.66"
"PGD","PIAS3",NA,NA
"PGD","PIAS4",NA,NA
"PGK1","NSMCE2",NA,NA
"PGK1","PIAS1",NA,NA
"PGK1","PIAS2","3.41","5"
"PGK1","PIAS3",NA,NA
"PGK1","PIAS4",NA,NA
"PHF21A","NSMCE2","3.44","4.76"
"PHF21A","PIAS1",NA,NA
"PHF21A","PIAS2",NA,NA
"PHF21A","PIAS3",NA,NA
"PHF21A","PIAS4",NA,NA
"PIAS1","NSMCE2",NA,NA
"PIAS1","PIAS1","9.22","5.23"
"PIAS1","PIAS2",NA,NA
"PIAS1","PIAS3",NA,NA
"PIAS1","PIAS4",NA,NA
"PIAS2","NSMCE2",NA,NA
"PIAS2","PIAS1",NA,NA
"PIAS2","PIAS2","4.85","3.98"
"PIAS2","PIAS3",NA,NA
"PIAS2","PIAS4",NA,NA
"PIAS3","NSMCE2",NA,NA
"PIAS3","PIAS1",NA,NA
"PIAS3","PIAS2",NA,NA
"PIAS3","PIAS3","6.14","4.14"
"PIAS3","PIAS4",NA,NA
"PIAS4","NSMCE2",NA,NA
"PIAS4","PIAS1",NA,NA
"PIAS4","PIAS2",NA,NA
"PIAS4","PIAS3",NA,NA
"PIAS4","PIAS4","14.57","10.8"
"PISD","NSMCE2",NA,NA
"PISD","PIAS1",NA,NA
"PISD","PIAS2",NA,NA
"PISD","PIAS3","2.57","3.4"
"PISD","PIAS4",NA,NA
"PITHD1","NSMCE2",NA,NA
"PITHD1","PIAS1",NA,NA
"PITHD1","PIAS2","3.08","7.06"
"PITHD1","PIAS3",NA,NA
"PITHD1","PIAS4",NA,NA
"PITRM1","NSMCE2",NA,NA
"PITRM1","PIAS1",NA,NA
"PITRM1","PIAS2","2.37","2.95"
"PITRM1","PIAS3",NA,NA
"PITRM1","PIAS4",NA,NA
"PKM","NSMCE2",NA,NA
"PKM","PIAS1",NA,NA
"PKM","PIAS2","3.78","2.84"
"PKM","PIAS3",NA,NA
"PKM","PIAS4",NA,NA
"PLOD2","NSMCE2",NA,NA
"PLOD2","PIAS1",NA,NA
"PLOD2","PIAS2","2.75","2.51"
"PLOD2","PIAS3",NA,NA
"PLOD2","PIAS4",NA,NA
"PLXND1","NSMCE2",NA,NA
"PLXND1","PIAS1",NA,NA
"PLXND1","PIAS2",NA,NA
"PLXND1","PIAS3","1.77","4.28"
"PLXND1","PIAS4",NA,NA
"PML","NSMCE2","4.21","2.29"
"PML","PIAS1",NA,NA
"PML","PIAS2",NA,NA
"PML","PIAS3",NA,NA
"PML","PIAS4",NA,NA
"PNN","NSMCE2","2.87","3.83"
"PNN","PIAS1",NA,NA
"PNN","PIAS2",NA,NA
"PNN","PIAS3",NA,NA
"PNN","PIAS4",NA,NA
"POLR2A","NSMCE2","1.9","3.73"
"POLR2A","PIAS1",NA,NA
"POLR2A","PIAS2",NA,NA
"POLR2A","PIAS3",NA,NA
"POLR2A","PIAS4",NA,NA
"POLR3D","NSMCE2","3.75","2.3"
"POLR3D","PIAS1",NA,NA
"POLR3D","PIAS2",NA,NA
"POLR3D","PIAS3",NA,NA
"POLR3D","PIAS4",NA,NA
"PPAP2A","NSMCE2",NA,NA
"PPAP2A","PIAS1","1.76","2.76"
"PPAP2A","PIAS2",NA,NA
"PPAP2A","PIAS3",NA,NA
"PPAP2A","PIAS4",NA,NA
"PPIA","NSMCE2",NA,NA
"PPIA","PIAS1",NA,NA
"PPIA","PIAS2","2.41","2.16"
"PPIA","PIAS3",NA,NA
"PPIA","PIAS4",NA,NA
"PPIB","NSMCE2",NA,NA
"PPIB","PIAS1",NA,NA
"PPIB","PIAS2","2.99","2.27"
"PPIB","PIAS3",NA,NA
"PPIB","PIAS4",NA,NA
"PPP2R4;DKFZp781M17165","NSMCE2",NA,NA
"PPP2R4;DKFZp781M17165","PIAS1",NA,NA
"PPP2R4;DKFZp781M17165","PIAS2","3.35","6.63"
"PPP2R4;DKFZp781M17165","PIAS3",NA,NA
"PPP2R4;DKFZp781M17165","PIAS4",NA,NA
"PPP2R5D","NSMCE2",NA,NA
"PPP2R5D","PIAS1",NA,NA
"PPP2R5D","PIAS2","1.47","4.29"
"PPP2R5D","PIAS3",NA,NA
"PPP2R5D","PIAS4",NA,NA
"PPP3CB","NSMCE2","1.51","3.24"
"PPP3CB","PIAS1",NA,NA
"PPP3CB","PIAS2",NA,NA
"PPP3CB","PIAS3",NA,NA
"PPP3CB","PIAS4",NA,NA
"PRMT5","NSMCE2",NA,NA
"PRMT5","PIAS1",NA,NA
"PRMT5","PIAS2","2.85","2.92"
"PRMT5","PIAS3",NA,NA
"PRMT5","PIAS4",NA,NA
"PRSS3","NSMCE2",NA,NA
"PRSS3","PIAS1",NA,NA
"PRSS3","PIAS2",NA,NA
"PRSS3","PIAS3","3.96","2.28"
"PRSS3","PIAS4",NA,NA
"PSMD3","NSMCE2",NA,NA
"PSMD3","PIAS1",NA,NA
"PSMD3","PIAS2","2.22","2.69"
"PSMD3","PIAS3",NA,NA
"PSMD3","PIAS4",NA,NA
"PSMD6","NSMCE2",NA,NA
"PSMD6","PIAS1",NA,NA
"PSMD6","PIAS2","1.56","3.95"
"PSMD6","PIAS3",NA,NA
"PSMD6","PIAS4",NA,NA
"PTGES2","NSMCE2",NA,NA
"PTGES2","PIAS1",NA,NA
"PTGES2","PIAS2","2.32","5.17"
"PTGES2","PIAS3",NA,NA
"PTGES2","PIAS4",NA,NA
"PTGFRN","NSMCE2",NA,NA
"PTGFRN","PIAS1","1.51","2.96"
"PTGFRN","PIAS2",NA,NA
"PTGFRN","PIAS3",NA,NA
"PTGFRN","PIAS4",NA,NA
"PTRF","NSMCE2","4.07","6.01"
"PTRF","PIAS1",NA,NA
"PTRF","PIAS2",NA,NA
"PTRF","PIAS3",NA,NA
"PTRF","PIAS4",NA,NA
"PUF60","NSMCE2","3.18","3.69"
"PUF60","PIAS1",NA,NA
"PUF60","PIAS2",NA,NA
"PUF60","PIAS3",NA,NA
"PUF60","PIAS4",NA,NA
"PUM1","NSMCE2",NA,NA
"PUM1","PIAS1",NA,NA
"PUM1","PIAS2","2.95","9.19"
"PUM1","PIAS3",NA,NA
"PUM1","PIAS4",NA,NA
"PYCR1","NSMCE2","2.58","2.14"
"PYCR1","PIAS1",NA,NA
"PYCR1","PIAS2","2.64","2.25"
"PYCR1","PIAS3",NA,NA
"PYCR1","PIAS4",NA,NA
"QARS","NSMCE2",NA,NA
"QARS","PIAS1",NA,NA
"QARS","PIAS2","0.88","3.12"
"QARS","PIAS3",NA,NA
"QARS","PIAS4",NA,NA
"QSOX2","NSMCE2",NA,NA
"QSOX2","PIAS1",NA,NA
"QSOX2","PIAS2",NA,NA
"QSOX2","PIAS3","1.24","2.51"
"QSOX2","PIAS4",NA,NA
"RAB11FIP5","NSMCE2",NA,NA
"RAB11FIP5","PIAS1",NA,NA
"RAB11FIP5","PIAS2","3.22","2.31"
"RAB11FIP5","PIAS3","3.17","2.24"
"RAB11FIP5","PIAS4",NA,NA
"RAB32","NSMCE2",NA,NA
"RAB32","PIAS1",NA,NA
"RAB32","PIAS2","1.03","4.2"
"RAB32","PIAS3",NA,NA
"RAB32","PIAS4",NA,NA
"RAB3GAP1","NSMCE2",NA,NA
"RAB3GAP1","PIAS1",NA,NA
"RAB3GAP1","PIAS2","2.45","4.78"
"RAB3GAP1","PIAS3",NA,NA
"RAB3GAP1","PIAS4",NA,NA
"RAD18","NSMCE2","8.03","6.68"
"RAD18","PIAS1",NA,NA
"RAD18","PIAS2",NA,NA
"RAD18","PIAS3",NA,NA
"RAD18","PIAS4",NA,NA
"RAD54L2","NSMCE2","4.94","4.26"
"RAD54L2","PIAS1",NA,NA
"RAD54L2","PIAS2",NA,NA
"RAD54L2","PIAS3",NA,NA
"RAD54L2","PIAS4",NA,NA
"RAN","NSMCE2",NA,NA
"RAN","PIAS1",NA,NA
"RAN","PIAS2","3.6","3.1"
"RAN","PIAS3",NA,NA
"RAN","PIAS4",NA,NA
"RANGAP1","NSMCE2","6.85","4.94"
"RANGAP1","PIAS1",NA,NA
"RANGAP1","PIAS2",NA,NA
"RANGAP1","PIAS3",NA,NA
"RANGAP1","PIAS4",NA,NA
"RBBP4","NSMCE2",NA,NA
"RBBP4","PIAS1",NA,NA
"RBBP4","PIAS2","3.78","2.75"
"RBBP4","PIAS3",NA,NA
"RBBP4","PIAS4",NA,NA
"RBBP6","NSMCE2","3.99","6.55"
"RBBP6","PIAS1",NA,NA
"RBBP6","PIAS2",NA,NA
"RBBP6","PIAS3",NA,NA
"RBBP6","PIAS4",NA,NA
"RBBP8","NSMCE2","3.89","5.53"
"RBBP8","PIAS1",NA,NA
"RBBP8","PIAS2",NA,NA
"RBBP8","PIAS3",NA,NA
"RBBP8","PIAS4",NA,NA
"RBM25","NSMCE2","7.63","10.4"
"RBM25","PIAS1",NA,NA
"RBM25","PIAS2",NA,NA
"RBM25","PIAS3",NA,NA
"RBM25","PIAS4",NA,NA
"RBM28","NSMCE2","3.4","6.23"
"RBM28","PIAS1",NA,NA
"RBM28","PIAS2",NA,NA
"RBM28","PIAS3",NA,NA
"RBM28","PIAS4",NA,NA
"RBM33","NSMCE2",NA,NA
"RBM33","PIAS1",NA,NA
"RBM33","PIAS2",NA,NA
"RBM33","PIAS3","2.83","4.74"
"RBM33","PIAS4",NA,NA
"RDH10","NSMCE2",NA,NA
"RDH10","PIAS1",NA,NA
"RDH10","PIAS2",NA,NA
"RDH10","PIAS3","2.12","4.17"
"RDH10","PIAS4",NA,NA
"REPS1","NSMCE2","7.5","2.45"
"REPS1","PIAS1",NA,NA
"REPS1","PIAS2","7.18","2.24"
"REPS1","PIAS3",NA,NA
"REPS1","PIAS4",NA,NA
"RFC2","NSMCE2",NA,NA
"RFC2","PIAS1",NA,NA
"RFC2","PIAS2","2.5","5.09"
"RFC2","PIAS3",NA,NA
"RFC2","PIAS4",NA,NA
"RHBDD1","NSMCE2",NA,NA
"RHBDD1","PIAS1",NA,NA
"RHBDD1","PIAS2",NA,NA
"RHBDD1","PIAS3","3.46","9.07"
"RHBDD1","PIAS4",NA,NA
"RHOBTB3","NSMCE2",NA,NA
"RHOBTB3","PIAS1",NA,NA
"RHOBTB3","PIAS2",NA,NA
"RHOBTB3","PIAS3","2.6","2.85"
"RHOBTB3","PIAS4",NA,NA
"RICTOR","NSMCE2",NA,NA
"RICTOR","PIAS1",NA,NA
"RICTOR","PIAS2",NA,NA
"RICTOR","PIAS3","2.44","2.73"
"RICTOR","PIAS4",NA,NA
"RNF149","NSMCE2",NA,NA
"RNF149","PIAS1",NA,NA
"RNF149","PIAS2",NA,NA
"RNF149","PIAS3","3.25","3.43"
"RNF149","PIAS4",NA,NA
"RNF168","NSMCE2","3.36","6.35"
"RNF168","PIAS1",NA,NA
"RNF168","PIAS2",NA,NA
"RNF168","PIAS3",NA,NA
"RNF168","PIAS4",NA,NA
"RNF216","NSMCE2","6.12","2.88"
"RNF216","PIAS1",NA,NA
"RNF216","PIAS2",NA,NA
"RNF216","PIAS3",NA,NA
"RNF216","PIAS4",NA,NA
"RNF219","NSMCE2","2.91","7.44"
"RNF219","PIAS1",NA,NA
"RNF219","PIAS2",NA,NA
"RNF219","PIAS3",NA,NA
"RNF219","PIAS4",NA,NA
"RPL10A","NSMCE2",NA,NA
"RPL10A","PIAS1",NA,NA
"RPL10A","PIAS2","1.03","3.01"
"RPL10A","PIAS3",NA,NA
"RPL10A","PIAS4",NA,NA
"RPL11","NSMCE2","2.87","2.73"
"RPL11","PIAS1",NA,NA
"RPL11","PIAS2",NA,NA
"RPL11","PIAS3",NA,NA
"RPL11","PIAS4",NA,NA
"RPL12","NSMCE2",NA,NA
"RPL12","PIAS1",NA,NA
"RPL12","PIAS2","2.48","2.77"
"RPL12","PIAS3",NA,NA
"RPL12","PIAS4",NA,NA
"RPL18","NSMCE2",NA,NA
"RPL18","PIAS1",NA,NA
"RPL18","PIAS2",NA,NA
"RPL18","PIAS3","0.98","3.56"
"RPL18","PIAS4",NA,NA
"RPL5","NSMCE2","3.64","2.43"
"RPL5","PIAS1",NA,NA
"RPL5","PIAS2",NA,NA
"RPL5","PIAS3",NA,NA
"RPL5","PIAS4",NA,NA
"RPLP0;RPLP0P6","NSMCE2",NA,NA
"RPLP0;RPLP0P6","PIAS1",NA,NA
"RPLP0;RPLP0P6","PIAS2","2.59","4.26"
"RPLP0;RPLP0P6","PIAS3",NA,NA
"RPLP0;RPLP0P6","PIAS4",NA,NA
"RPS10","NSMCE2",NA,NA
"RPS10","PIAS1",NA,NA
"RPS10","PIAS2","2.07","4.1"
"RPS10","PIAS3",NA,NA
"RPS10","PIAS4",NA,NA
"RPS13","NSMCE2",NA,NA
"RPS13","PIAS1",NA,NA
"RPS13","PIAS2","2.61","2.82"
"RPS13","PIAS3",NA,NA
"RPS13","PIAS4",NA,NA
"RPS14","NSMCE2","3.36","2.74"
"RPS14","PIAS1",NA,NA
"RPS14","PIAS2",NA,NA
"RPS14","PIAS3",NA,NA
"RPS14","PIAS4",NA,NA
"RPS17","NSMCE2","2.77","4.56"
"RPS17","PIAS1",NA,NA
"RPS17","PIAS2",NA,NA
"RPS17","PIAS3",NA,NA
"RPS17","PIAS4",NA,NA
"RPS23","NSMCE2",NA,NA
"RPS23","PIAS1",NA,NA
"RPS23","PIAS2",NA,NA
"RPS23","PIAS3","2.37","2.84"
"RPS23","PIAS4",NA,NA
"RPS27A","NSMCE2","2.29","4.88"
"RPS27A","PIAS1",NA,NA
"RPS27A","PIAS2",NA,NA
"RPS27A","PIAS3",NA,NA
"RPS27A","PIAS4",NA,NA
"RPS3A","NSMCE2",NA,NA
"RPS3A","PIAS1",NA,NA
"RPS3A","PIAS2","2.53","2.35"
"RPS3A","PIAS3",NA,NA
"RPS3A","PIAS4",NA,NA
"RPSA","NSMCE2",NA,NA
"RPSA","PIAS1",NA,NA
"RPSA","PIAS2","3.1","3.92"
"RPSA","PIAS3",NA,NA
"RPSA","PIAS4",NA,NA
"RQCD1","NSMCE2",NA,NA
"RQCD1","PIAS1",NA,NA
"RQCD1","PIAS2","3.02","4.77"
"RQCD1","PIAS3",NA,NA
"RQCD1","PIAS4",NA,NA
"RRBP1","NSMCE2",NA,NA
"RRBP1","PIAS1",NA,NA
"RRBP1","PIAS2","2.42","2.2"
"RRBP1","PIAS3",NA,NA
"RRBP1","PIAS4",NA,NA
"RRP15","NSMCE2","4.53","10.75"
"RRP15","PIAS1",NA,NA
"RRP15","PIAS2",NA,NA
"RRP15","PIAS3",NA,NA
"RRP15","PIAS4",NA,NA
"RRS1","NSMCE2","4.32","11.38"
"RRS1","PIAS1",NA,NA
"RRS1","PIAS2",NA,NA
"RRS1","PIAS3",NA,NA
"RRS1","PIAS4",NA,NA
"RSBN1","NSMCE2",NA,NA
"RSBN1","PIAS1",NA,NA
"RSBN1","PIAS2","1.49","2.9"
"RSBN1","PIAS3",NA,NA
"RSBN1","PIAS4",NA,NA
"RSF1","NSMCE2","3.52","8.69"
"RSF1","PIAS1",NA,NA
"RSF1","PIAS2",NA,NA
"RSF1","PIAS3",NA,NA
"RSF1","PIAS4",NA,NA
"RSL1D1","NSMCE2","3.65","10.26"
"RSL1D1","PIAS1",NA,NA
"RSL1D1","PIAS2",NA,NA
"RSL1D1","PIAS3",NA,NA
"RSL1D1","PIAS4",NA,NA
"SAP130","NSMCE2","3.44","4.13"
"SAP130","PIAS1",NA,NA
"SAP130","PIAS2",NA,NA
"SAP130","PIAS3",NA,NA
"SAP130","PIAS4",NA,NA
"SAR1A","NSMCE2",NA,NA
"SAR1A","PIAS1",NA,NA
"SAR1A","PIAS2","2.74","2.43"
"SAR1A","PIAS3",NA,NA
"SAR1A","PIAS4",NA,NA
"SART1","NSMCE2","5","3.52"
"SART1","PIAS1",NA,NA
"SART1","PIAS2",NA,NA
"SART1","PIAS3",NA,NA
"SART1","PIAS4",NA,NA
"SAYSD1","NSMCE2",NA,NA
"SAYSD1","PIAS1",NA,NA
"SAYSD1","PIAS2",NA,NA
"SAYSD1","PIAS3","2.76","3.95"
"SAYSD1","PIAS4",NA,NA
"SCARB1","NSMCE2",NA,NA
"SCARB1","PIAS1",NA,NA
"SCARB1","PIAS2",NA,NA
"SCARB1","PIAS3","0.83","4.23"
"SCARB1","PIAS4",NA,NA
"SCARF2","NSMCE2",NA,NA
"SCARF2","PIAS1","3.11","5.04"
"SCARF2","PIAS2",NA,NA
"SCARF2","PIAS3",NA,NA
"SCARF2","PIAS4",NA,NA
"SDF2","NSMCE2",NA,NA
"SDF2","PIAS1",NA,NA
"SDF2","PIAS2","1.2","3.6"
"SDF2","PIAS3",NA,NA
"SDF2","PIAS4",NA,NA
"SDHC","NSMCE2","3.45","2.48"
"SDHC","PIAS1",NA,NA
"SDHC","PIAS2","3.16","2.07"
"SDHC","PIAS3",NA,NA
"SDHC","PIAS4",NA,NA
"SEC16A","NSMCE2",NA,NA
"SEC16A","PIAS1",NA,NA
"SEC16A","PIAS2","2.07","2.18"
"SEC16A","PIAS3",NA,NA
"SEC16A","PIAS4",NA,NA
"SEC22B","NSMCE2",NA,NA
"SEC22B","PIAS1",NA,NA
"SEC22B","PIAS2",NA,NA
"SEC22B","PIAS3","1.25","3.87"
"SEC22B","PIAS4",NA,NA
"SEC31A","NSMCE2",NA,NA
"SEC31A","PIAS1",NA,NA
"SEC31A","PIAS2","4.09","3.87"
"SEC31A","PIAS3",NA,NA
"SEC31A","PIAS4",NA,NA
"SEL1L3","NSMCE2",NA,NA
"SEL1L3","PIAS1",NA,NA
"SEL1L3","PIAS2",NA,NA
"SEL1L3","PIAS3","3.22","4.41"
"SEL1L3","PIAS4",NA,NA
"SEMA4C","NSMCE2",NA,NA
"SEMA4C","PIAS1","2.8","2.54"
"SEMA4C","PIAS2",NA,NA
"SEMA4C","PIAS3",NA,NA
"SEMA4C","PIAS4",NA,NA
"SENP6","NSMCE2","3.59","10.06"
"SENP6","PIAS1",NA,NA
"SENP6","PIAS2",NA,NA
"SENP6","PIAS3",NA,NA
"SENP6","PIAS4",NA,NA
"SERPINH1","NSMCE2",NA,NA
"SERPINH1","PIAS1",NA,NA
"SERPINH1","PIAS2","2.06","2.45"
"SERPINH1","PIAS3",NA,NA
"SERPINH1","PIAS4",NA,NA
"SETDB1","NSMCE2","3.36","8.13"
"SETDB1","PIAS1",NA,NA
"SETDB1","PIAS2",NA,NA
"SETDB1","PIAS3",NA,NA
"SETDB1","PIAS4",NA,NA
"SETX","NSMCE2","4.94","3.91"
"SETX","PIAS1",NA,NA
"SETX","PIAS2",NA,NA
"SETX","PIAS3",NA,NA
"SETX","PIAS4",NA,NA
"SF3B2","NSMCE2","3.74","5.58"
"SF3B2","PIAS1",NA,NA
"SF3B2","PIAS2",NA,NA
"SF3B2","PIAS3",NA,NA
"SF3B2","PIAS4",NA,NA
"SFN","NSMCE2",NA,NA
"SFN","PIAS1",NA,NA
"SFN","PIAS2","2.65","3.99"
"SFN","PIAS3",NA,NA
"SFN","PIAS4",NA,NA
"SLC16A1","NSMCE2",NA,NA
"SLC16A1","PIAS1","0.69","4.46"
"SLC16A1","PIAS2",NA,NA
"SLC16A1","PIAS3",NA,NA
"SLC16A1","PIAS4",NA,NA
"SLC25A4","NSMCE2",NA,NA
"SLC25A4","PIAS1",NA,NA
"SLC25A4","PIAS2","4.2","2.99"
"SLC25A4","PIAS3",NA,NA
"SLC25A4","PIAS4",NA,NA
"SLC2A12","NSMCE2",NA,NA
"SLC2A12","PIAS1","2.4","4.29"
"SLC2A12","PIAS2",NA,NA
"SLC2A12","PIAS3",NA,NA
"SLC2A12","PIAS4",NA,NA
"SLC35B1","NSMCE2",NA,NA
"SLC35B1","PIAS1","2.64","3.55"
"SLC35B1","PIAS2",NA,NA
"SLC35B1","PIAS3",NA,NA
"SLC35B1","PIAS4",NA,NA
"SLC39A7","NSMCE2",NA,NA
"SLC39A7","PIAS1",NA,NA
"SLC39A7","PIAS2",NA,NA
"SLC39A7","PIAS3","1.86","3.27"
"SLC39A7","PIAS4",NA,NA
"SLX4","NSMCE2","5.59","3.03"
"SLX4","PIAS1",NA,NA
"SLX4","PIAS2",NA,NA
"SLX4","PIAS3",NA,NA
"SLX4","PIAS4",NA,NA
"SLX4IP","NSMCE2","5.25","3.74"
"SLX4IP","PIAS1",NA,NA
"SLX4IP","PIAS2",NA,NA
"SLX4IP","PIAS3",NA,NA
"SLX4IP","PIAS4",NA,NA
"SMARCAD1","NSMCE2","5.94","8.08"
"SMARCAD1","PIAS1",NA,NA
"SMARCAD1","PIAS2",NA,NA
"SMARCAD1","PIAS3",NA,NA
"SMARCAD1","PIAS4",NA,NA
"SMARCC2","NSMCE2",NA,NA
"SMARCC2","PIAS1",NA,NA
"SMARCC2","PIAS2",NA,NA
"SMARCC2","PIAS3","0.62","4.87"
"SMARCC2","PIAS4",NA,NA
"SMC5","NSMCE2","4.46","8.27"
"SMC5","PIAS1",NA,NA
"SMC5","PIAS2",NA,NA
"SMC5","PIAS3",NA,NA
"SMC5","PIAS4",NA,NA
"SMEK2","NSMCE2",NA,NA
"SMEK2","PIAS1",NA,NA
"SMEK2","PIAS2","0.89","3.07"
"SMEK2","PIAS3",NA,NA
"SMEK2","PIAS4",NA,NA
"SMTN","NSMCE2","2.15","4.8"
"SMTN","PIAS1",NA,NA
"SMTN","PIAS2",NA,NA
"SMTN","PIAS3",NA,NA
"SMTN","PIAS4",NA,NA
"SNIP1","NSMCE2","3.08","2.36"
"SNIP1","PIAS1",NA,NA
"SNIP1","PIAS2",NA,NA
"SNIP1","PIAS3",NA,NA
"SNIP1","PIAS4",NA,NA
"SOAT1","NSMCE2",NA,NA
"SOAT1","PIAS1",NA,NA
"SOAT1","PIAS2","1.02","3.1"
"SOAT1","PIAS3",NA,NA
"SOAT1","PIAS4",NA,NA
"SOD1","NSMCE2",NA,NA
"SOD1","PIAS1",NA,NA
"SOD1","PIAS2",NA,NA
"SOD1","PIAS3","3.17","4.01"
"SOD1","PIAS4",NA,NA
"SON","NSMCE2","2.57","4.09"
"SON","PIAS1",NA,NA
"SON","PIAS2",NA,NA
"SON","PIAS3",NA,NA
"SON","PIAS4",NA,NA
"SP100","NSMCE2","7.63","4.61"
"SP100","PIAS1",NA,NA
"SP100","PIAS2",NA,NA
"SP100","PIAS3",NA,NA
"SP100","PIAS4",NA,NA
"SP3","NSMCE2",NA,NA
"SP3","PIAS1",NA,NA
"SP3","PIAS2",NA,NA
"SP3","PIAS3",NA,NA
"SP3","PIAS4","3.13","4.15"
"SPCS1","NSMCE2",NA,NA
"SPCS1","PIAS1",NA,NA
"SPCS1","PIAS2",NA,NA
"SPCS1","PIAS3","0.94","4.4"
"SPCS1","PIAS4",NA,NA
"SPNS1","NSMCE2",NA,NA
"SPNS1","PIAS1","2.98","2.95"
"SPNS1","PIAS2",NA,NA
"SPNS1","PIAS3",NA,NA
"SPNS1","PIAS4",NA,NA
"SPRTN","NSMCE2","5.08","3.84"
"SPRTN","PIAS1",NA,NA
"SPRTN","PIAS2",NA,NA
"SPRTN","PIAS3",NA,NA
"SPRTN","PIAS4",NA,NA
"SPRYD7","NSMCE2",NA,NA
"SPRYD7","PIAS1",NA,NA
"SPRYD7","PIAS2",NA,NA
"SPRYD7","PIAS3","1.67","2.82"
"SPRYD7","PIAS4",NA,NA
"SSR3","NSMCE2",NA,NA
"SSR3","PIAS1",NA,NA
"SSR3","PIAS2",NA,NA
"SSR3","PIAS3","1.24","3.38"
"SSR3","PIAS4",NA,NA
"SSRP1","NSMCE2","3.4","4.01"
"SSRP1","PIAS1",NA,NA
"SSRP1","PIAS2",NA,NA
"SSRP1","PIAS3",NA,NA
"SSRP1","PIAS4",NA,NA
"STAMBP","NSMCE2",NA,NA
"STAMBP","PIAS1",NA,NA
"STAMBP","PIAS2","2.19","3.09"
"STAMBP","PIAS3",NA,NA
"STAMBP","PIAS4",NA,NA
"STEAP3","NSMCE2",NA,NA
"STEAP3","PIAS1",NA,NA
"STEAP3","PIAS2",NA,NA
"STEAP3","PIAS3","0.88","3.02"
"STEAP3","PIAS4",NA,NA
"STOM","NSMCE2",NA,NA
"STOM","PIAS1",NA,NA
"STOM","PIAS2",NA,NA
"STOM","PIAS3","1","3.56"
"STOM","PIAS4",NA,NA
"STX7","NSMCE2",NA,NA
"STX7","PIAS1",NA,NA
"STX7","PIAS2",NA,NA
"STX7","PIAS3","0.86","4.76"
"STX7","PIAS4",NA,NA
"SUMO2","NSMCE2","2.63","5.15"
"SUMO2","PIAS1",NA,NA
"SUMO2","PIAS2",NA,NA
"SUMO2","PIAS3",NA,NA
"SUMO2","PIAS4",NA,NA
"SUMO3","NSMCE2","2.37","3.62"
"SUMO3","PIAS1",NA,NA
"SUMO3","PIAS2",NA,NA
"SUMO3","PIAS3",NA,NA
"SUMO3","PIAS4",NA,NA
"SUN2","NSMCE2",NA,NA
"SUN2","PIAS1","0.62","4.79"
"SUN2","PIAS2",NA,NA
"SUN2","PIAS3",NA,NA
"SUN2","PIAS4",NA,NA
"SUPT16H","NSMCE2","1.75","2.64"
"SUPT16H","PIAS1",NA,NA
"SUPT16H","PIAS2",NA,NA
"SUPT16H","PIAS3",NA,NA
"SUPT16H","PIAS4",NA,NA
"SUPT7L","NSMCE2","2.54","3.93"
"SUPT7L","PIAS1",NA,NA
"SUPT7L","PIAS2",NA,NA
"SUPT7L","PIAS3",NA,NA
"SUPT7L","PIAS4",NA,NA
"TARDBP;TDP43","NSMCE2","1.43","2.34"
"TARDBP;TDP43","PIAS1",NA,NA
"TARDBP;TDP43","PIAS2",NA,NA
"TARDBP;TDP43","PIAS3",NA,NA
"TARDBP;TDP43","PIAS4",NA,NA
"TBC1D23","NSMCE2",NA,NA
"TBC1D23","PIAS1",NA,NA
"TBC1D23","PIAS2","1.13","3.73"
"TBC1D23","PIAS3",NA,NA
"TBC1D23","PIAS4",NA,NA
"TCIRG1","NSMCE2",NA,NA
"TCIRG1","PIAS1","3.15","2.4"
"TCIRG1","PIAS2",NA,NA
"TCIRG1","PIAS3",NA,NA
"TCIRG1","PIAS4",NA,NA
"TCOF1","NSMCE2","9.1","12.28"
"TCOF1","PIAS1",NA,NA
"TCOF1","PIAS2",NA,NA
"TCOF1","PIAS3",NA,NA
"TCOF1","PIAS4",NA,NA
"TCP1","NSMCE2",NA,NA
"TCP1","PIAS1",NA,NA
"TCP1","PIAS2","3.49","6.42"
"TCP1","PIAS3",NA,NA
"TCP1","PIAS4",NA,NA
"TELO2","NSMCE2",NA,NA
"TELO2","PIAS1",NA,NA
"TELO2","PIAS2",NA,NA
"TELO2","PIAS3","3.6","2.74"
"TELO2","PIAS4",NA,NA
"TERF2IP","NSMCE2","3","4.64"
"TERF2IP","PIAS1",NA,NA
"TERF2IP","PIAS2",NA,NA
"TERF2IP","PIAS3",NA,NA
"TERF2IP","PIAS4",NA,NA
"TGM3","NSMCE2","3.41","7.94"
"TGM3","PIAS1",NA,NA
"TGM3","PIAS2",NA,NA
"TGM3","PIAS3",NA,NA
"TGM3","PIAS4",NA,NA
"TKT","NSMCE2",NA,NA
"TKT","PIAS1",NA,NA
"TKT","PIAS2","4.57","5.49"
"TKT","PIAS3",NA,NA
"TKT","PIAS4",NA,NA
"TLE3","NSMCE2",NA,NA
"TLE3","PIAS1",NA,NA
"TLE3","PIAS2",NA,NA
"TLE3","PIAS3","2.44","2.51"
"TLE3","PIAS4",NA,NA
"TLN1","NSMCE2",NA,NA
"TLN1","PIAS1",NA,NA
"TLN1","PIAS2","2.93","4.71"
"TLN1","PIAS3",NA,NA
"TLN1","PIAS4",NA,NA
"TM7SF3","NSMCE2",NA,NA
"TM7SF3","PIAS1",NA,NA
"TM7SF3","PIAS2","2.4","2.21"
"TM7SF3","PIAS3",NA,NA
"TM7SF3","PIAS4",NA,NA
"TMEM106B","NSMCE2",NA,NA
"TMEM106B","PIAS1",NA,NA
"TMEM106B","PIAS2",NA,NA
"TMEM106B","PIAS3","1.66","3.35"
"TMEM106B","PIAS4",NA,NA
"TMEM120A;TMPIT","NSMCE2",NA,NA
"TMEM120A;TMPIT","PIAS1",NA,NA
"TMEM120A;TMPIT","PIAS2","3.22","5.87"
"TMEM120A;TMPIT","PIAS3",NA,NA
"TMEM120A;TMPIT","PIAS4",NA,NA
"TMEM123","NSMCE2",NA,NA
"TMEM123","PIAS1",NA,NA
"TMEM123","PIAS2",NA,NA
"TMEM123","PIAS3","5.32","3.08"
"TMEM123","PIAS4",NA,NA
"TMEM129","NSMCE2",NA,NA
"TMEM129","PIAS1","2.88","2.62"
"TMEM129","PIAS2",NA,NA
"TMEM129","PIAS3",NA,NA
"TMEM129","PIAS4",NA,NA
"TMEM160","NSMCE2",NA,NA
"TMEM160","PIAS1",NA,NA
"TMEM160","PIAS2",NA,NA
"TMEM160","PIAS3","2.21","2.59"
"TMEM160","PIAS4",NA,NA
"TMEM167A","NSMCE2",NA,NA
"TMEM167A","PIAS1",NA,NA
"TMEM167A","PIAS2",NA,NA
"TMEM167A","PIAS3","3.98","4.13"
"TMEM167A","PIAS4",NA,NA
"TMEM194A","NSMCE2",NA,NA
"TMEM194A","PIAS1","3.69","2.6"
"TMEM194A","PIAS2",NA,NA
"TMEM194A","PIAS3",NA,NA
"TMEM194A","PIAS4",NA,NA
"TMEM246","NSMCE2",NA,NA
"TMEM246","PIAS1",NA,NA
"TMEM246","PIAS2",NA,NA
"TMEM246","PIAS3","2.71","2.27"
"TMEM246","PIAS4",NA,NA
"TMEM50A","NSMCE2",NA,NA
"TMEM50A","PIAS1",NA,NA
"TMEM50A","PIAS2",NA,NA
"TMEM50A","PIAS3","3.46","5.23"
"TMEM50A","PIAS4",NA,NA
"TMEM70","NSMCE2",NA,NA
"TMEM70","PIAS1","3.14","2.62"
"TMEM70","PIAS2",NA,NA
"TMEM70","PIAS3",NA,NA
"TMEM70","PIAS4",NA,NA
"TMEM98","NSMCE2",NA,NA
"TMEM98","PIAS1",NA,NA
"TMEM98","PIAS2",NA,NA
"TMEM98","PIAS3","2.61","4.08"
"TMEM98","PIAS4",NA,NA
"TMTC3","NSMCE2",NA,NA
"TMTC3","PIAS1",NA,NA
"TMTC3","PIAS2","1.03","3.16"
"TMTC3","PIAS3",NA,NA
"TMTC3","PIAS4",NA,NA
"TNFSF9","NSMCE2",NA,NA
"TNFSF9","PIAS1",NA,NA
"TNFSF9","PIAS2",NA,NA
"TNFSF9","PIAS3","2.85","6.12"
"TNFSF9","PIAS4",NA,NA
"TOMM22","NSMCE2",NA,NA
"TOMM22","PIAS1",NA,NA
"TOMM22","PIAS2","2.63","3.12"
"TOMM22","PIAS3",NA,NA
"TOMM22","PIAS4",NA,NA
"TOP2A","NSMCE2","1.57","4.84"
"TOP2A","PIAS1",NA,NA
"TOP2A","PIAS2",NA,NA
"TOP2A","PIAS3",NA,NA
"TOP2A","PIAS4",NA,NA
"TOP2B","NSMCE2","4.91","7.82"
"TOP2B","PIAS1",NA,NA
"TOP2B","PIAS2",NA,NA
"TOP2B","PIAS3",NA,NA
"TOP2B","PIAS4",NA,NA
"TOPORS","NSMCE2","6.48","3.5"
"TOPORS","PIAS1",NA,NA
"TOPORS","PIAS2",NA,NA
"TOPORS","PIAS3",NA,NA
"TOPORS","PIAS4",NA,NA
"TPI1","NSMCE2",NA,NA
"TPI1","PIAS1",NA,NA
"TPI1","PIAS2","2.83","2.2"
"TPI1","PIAS3",NA,NA
"TPI1","PIAS4",NA,NA
"TPR","NSMCE2",NA,NA
"TPR","PIAS1",NA,NA
"TPR","PIAS2","2.31","2.77"
"TPR","PIAS3",NA,NA
"TPR","PIAS4",NA,NA
"TRIM24","NSMCE2","3.69","10.28"
"TRIM24","PIAS1",NA,NA
"TRIM24","PIAS2",NA,NA
"TRIM24","PIAS3",NA,NA
"TRIM24","PIAS4",NA,NA
"TRIM25","NSMCE2",NA,NA
"TRIM25","PIAS1",NA,NA
"TRIM25","PIAS2","2.76","2.12"
"TRIM25","PIAS3",NA,NA
"TRIM25","PIAS4",NA,NA
"TRIM33","NSMCE2","5.3","3.84"
"TRIM33","PIAS1",NA,NA
"TRIM33","PIAS2",NA,NA
"TRIM33","PIAS3",NA,NA
"TRIM33","PIAS4",NA,NA
"TSC22D1","NSMCE2",NA,NA
"TSC22D1","PIAS1",NA,NA
"TSC22D1","PIAS2","1.95","2.29"
"TSC22D1","PIAS3",NA,NA
"TSC22D1","PIAS4",NA,NA
"TSPAN3","NSMCE2",NA,NA
"TSPAN3","PIAS1",NA,NA
"TSPAN3","PIAS2","2.6","3.92"
"TSPAN3","PIAS3",NA,NA
"TSPAN3","PIAS4",NA,NA
"TSPYL2","NSMCE2","4.95","5.24"
"TSPYL2","PIAS1",NA,NA
"TSPYL2","PIAS2",NA,NA
"TSPYL2","PIAS3",NA,NA
"TSPYL2","PIAS4",NA,NA
"TUBA1C;TUBA1B;TUBA1A;TUBA4A;TUBA8","NSMCE2",NA,NA
"TUBA1C;TUBA1B;TUBA1A;TUBA4A;TUBA8","PIAS1",NA,NA
"TUBA1C;TUBA1B;TUBA1A;TUBA4A;TUBA8","PIAS2","1.22","4.2"
"TUBA1C;TUBA1B;TUBA1A;TUBA4A;TUBA8","PIAS3",NA,NA
"TUBA1C;TUBA1B;TUBA1A;TUBA4A;TUBA8","PIAS4",NA,NA
"TUBB","NSMCE2",NA,NA
"TUBB","PIAS1",NA,NA
"TUBB","PIAS2","2.63","3.73"
"TUBB","PIAS3",NA,NA
"TUBB","PIAS4",NA,NA
"TUBB4B","NSMCE2",NA,NA
"TUBB4B","PIAS1",NA,NA
"TUBB4B","PIAS2","4.22","12.55"
"TUBB4B","PIAS3",NA,NA
"TUBB4B","PIAS4",NA,NA
"TXN","NSMCE2","3.14","3.4"
"TXN","PIAS1",NA,NA
"TXN","PIAS2",NA,NA
"TXN","PIAS3",NA,NA
"TXN","PIAS4",NA,NA
"TXNDC5","NSMCE2",NA,NA
"TXNDC5","PIAS1",NA,NA
"TXNDC5","PIAS2","2.76","2.3"
"TXNDC5","PIAS3",NA,NA
"TXNDC5","PIAS4",NA,NA
"UBA1","NSMCE2",NA,NA
"UBA1","PIAS1",NA,NA
"UBA1","PIAS2","2.65","3.16"
"UBA1","PIAS3",NA,NA
"UBA1","PIAS4",NA,NA
"UBA2","NSMCE2","3.25","7.02"
"UBA2","PIAS1",NA,NA
"UBA2","PIAS2",NA,NA
"UBA2","PIAS3",NA,NA
"UBA2","PIAS4",NA,NA
"UBE2I","NSMCE2",NA,NA
"UBE2I","PIAS1","3.61","9.96"
"UBE2I","PIAS2",NA,NA
"UBE2I","PIAS3",NA,NA
"UBE2I","PIAS4",NA,NA
"UIMC1","NSMCE2","6.2","4.28"
"UIMC1","PIAS1",NA,NA
"UIMC1","PIAS2",NA,NA
"UIMC1","PIAS3",NA,NA
"UIMC1","PIAS4",NA,NA
"UNC50","NSMCE2",NA,NA
"UNC50","PIAS1",NA,NA
"UNC50","PIAS2","3.55","3.72"
"UNC50","PIAS3",NA,NA
"UNC50","PIAS4",NA,NA
"UNC93B1","NSMCE2",NA,NA
"UNC93B1","PIAS1","2.22","2.75"
"UNC93B1","PIAS2",NA,NA
"UNC93B1","PIAS3",NA,NA
"UNC93B1","PIAS4",NA,NA
"UQCRC2","NSMCE2",NA,NA
"UQCRC2","PIAS1",NA,NA
"UQCRC2","PIAS2","3.36","2.67"
"UQCRC2","PIAS3",NA,NA
"UQCRC2","PIAS4",NA,NA
"USP13","NSMCE2","4.6","5.22"
"USP13","PIAS1",NA,NA
"USP13","PIAS2",NA,NA
"USP13","PIAS3",NA,NA
"USP13","PIAS4",NA,NA
"USP7","NSMCE2",NA,NA
"USP7","PIAS1",NA,NA
"USP7","PIAS2","2.37","2.29"
"USP7","PIAS3",NA,NA
"USP7","PIAS4",NA,NA
"UTP11L","NSMCE2","4.38","5.43"
"UTP11L","PIAS1",NA,NA
"UTP11L","PIAS2",NA,NA
"UTP11L","PIAS3",NA,NA
"UTP11L","PIAS4",NA,NA
"UTP14A","NSMCE2","6.87","12.43"
"UTP14A","PIAS1",NA,NA
"UTP14A","PIAS2",NA,NA
"UTP14A","PIAS3",NA,NA
"UTP14A","PIAS4",NA,NA
"UTP3","NSMCE2","5.17","9.62"
"UTP3","PIAS1",NA,NA
"UTP3","PIAS2",NA,NA
"UTP3","PIAS3",NA,NA
"UTP3","PIAS4",NA,NA
"UTRN","NSMCE2",NA,NA
"UTRN","PIAS1",NA,NA
"UTRN","PIAS2","1.71","2.49"
"UTRN","PIAS3",NA,NA
"UTRN","PIAS4",NA,NA
"VAMP3","NSMCE2",NA,NA
"VAMP3","PIAS1",NA,NA
"VAMP3","PIAS2",NA,NA
"VAMP3","PIAS3","0.98","5.38"
"VAMP3","PIAS4",NA,NA
"VAMP7","NSMCE2",NA,NA
"VAMP7","PIAS1",NA,NA
"VAMP7","PIAS2",NA,NA
"VAMP7","PIAS3","1.09","5.19"
"VAMP7","PIAS4",NA,NA
"VCP","NSMCE2",NA,NA
"VCP","PIAS1",NA,NA
"VCP","PIAS2","3.84","2.59"
"VCP","PIAS3",NA,NA
"VCP","PIAS4",NA,NA
"VIM","NSMCE2","2.61","2.35"
"VIM","PIAS1",NA,NA
"VIM","PIAS2","2.47","2.11"
"VIM","PIAS3",NA,NA
"VIM","PIAS4",NA,NA
"VPRBP","NSMCE2",NA,NA
"VPRBP","PIAS1",NA,NA
"VPRBP","PIAS2",NA,NA
"VPRBP","PIAS3","1.42","3.05"
"VPRBP","PIAS4",NA,NA
"WDR43","NSMCE2","3.89","3.05"
"WDR43","PIAS1",NA,NA
"WDR43","PIAS2",NA,NA
"WDR43","PIAS3",NA,NA
"WDR43","PIAS4",NA,NA
"WDR75","NSMCE2","3.48","2.6"
"WDR75","PIAS1",NA,NA
"WDR75","PIAS2",NA,NA
"WDR75","PIAS3",NA,NA
"WDR75","PIAS4",NA,NA
"WRN","NSMCE2","2.73","5.51"
"WRN","PIAS1",NA,NA
"WRN","PIAS2",NA,NA
"WRN","PIAS3",NA,NA
"WRN","PIAS4",NA,NA
"YEATS2","NSMCE2","4.57","2.56"
"YEATS2","PIAS1",NA,NA
"YEATS2","PIAS2",NA,NA
"YEATS2","PIAS3",NA,NA
"YEATS2","PIAS4",NA,NA
"YIF1B","NSMCE2",NA,NA
"YIF1B","PIAS1",NA,NA
"YIF1B","PIAS2","2.21","2.18"
"YIF1B","PIAS3",NA,NA
"YIF1B","PIAS4",NA,NA
"ZBTB12","NSMCE2","4.59","2.89"
"ZBTB12","PIAS1",NA,NA
"ZBTB12","PIAS2",NA,NA
"ZBTB12","PIAS3",NA,NA
"ZBTB12","PIAS4",NA,NA
"ZBTB2","NSMCE2","5.1","3.14"
"ZBTB2","PIAS1",NA,NA
"ZBTB2","PIAS2",NA,NA
"ZBTB2","PIAS3",NA,NA
"ZBTB2","PIAS4",NA,NA
"ZBTB20","NSMCE2","3.3","2.52"
"ZBTB20","PIAS1",NA,NA
"ZBTB20","PIAS2",NA,NA
"ZBTB20","PIAS3",NA,NA
"ZBTB20","PIAS4",NA,NA
"ZBTB21","NSMCE2","3.48","2.14"
"ZBTB21","PIAS1",NA,NA
"ZBTB21","PIAS2",NA,NA
"ZBTB21","PIAS3",NA,NA
"ZBTB21","PIAS4",NA,NA
"ZBTB25","NSMCE2","4.65","3.78"
"ZBTB25","PIAS1",NA,NA
"ZBTB25","PIAS2",NA,NA
"ZBTB25","PIAS3",NA,NA
"ZBTB25","PIAS4",NA,NA
"ZBTB33","NSMCE2","3.63","2.91"
"ZBTB33","PIAS1",NA,NA
"ZBTB33","PIAS2",NA,NA
"ZBTB33","PIAS3",NA,NA
"ZBTB33","PIAS4",NA,NA
"ZBTB39","NSMCE2","4.19","4.67"
"ZBTB39","PIAS1",NA,NA
"ZBTB39","PIAS2",NA,NA
"ZBTB39","PIAS3",NA,NA
"ZBTB39","PIAS4",NA,NA
"ZBTB5","NSMCE2","5.42","3.27"
"ZBTB5","PIAS1",NA,NA
"ZBTB5","PIAS2",NA,NA
"ZBTB5","PIAS3",NA,NA
"ZBTB5","PIAS4",NA,NA
"ZBTB6","NSMCE2","3.88","6.44"
"ZBTB6","PIAS1",NA,NA
"ZBTB6","PIAS2",NA,NA
"ZBTB6","PIAS3",NA,NA
"ZBTB6","PIAS4",NA,NA
"ZBTB8A","NSMCE2",NA,NA
"ZBTB8A","PIAS1",NA,NA
"ZBTB8A","PIAS2",NA,NA
"ZBTB8A","PIAS3",NA,NA
"ZBTB8A","PIAS4","3.59","7.99"
"ZBTB9","NSMCE2","4.47","2.16"
"ZBTB9","PIAS1",NA,NA
"ZBTB9","PIAS2",NA,NA
"ZBTB9","PIAS3",NA,NA
"ZBTB9","PIAS4",NA,NA
"ZC3H11A","NSMCE2","4.19","2.37"
"ZC3H11A","PIAS1",NA,NA
"ZC3H11A","PIAS2",NA,NA
"ZC3H11A","PIAS3",NA,NA
"ZC3H11A","PIAS4",NA,NA
"ZCCHC7","NSMCE2","7.32","8.46"
"ZCCHC7","PIAS1",NA,NA
"ZCCHC7","PIAS2",NA,NA
"ZCCHC7","PIAS3",NA,NA
"ZCCHC7","PIAS4",NA,NA
"ZFR","NSMCE2","2.54","3.26"
"ZFR","PIAS1",NA,NA
"ZFR","PIAS2",NA,NA
"ZFR","PIAS3",NA,NA
"ZFR","PIAS4",NA,NA
"ZKSCAN1","NSMCE2","3.33","3.42"
"ZKSCAN1","PIAS1",NA,NA
"ZKSCAN1","PIAS2",NA,NA
"ZKSCAN1","PIAS3",NA,NA
"ZKSCAN1","PIAS4",NA,NA
"ZMYM2","NSMCE2","4.3","2.53"
"ZMYM2","PIAS1",NA,NA
"ZMYM2","PIAS2",NA,NA
"ZMYM2","PIAS3",NA,NA
"ZMYM2","PIAS4",NA,NA
"ZNF106","NSMCE2","5.1","3.62"
"ZNF106","PIAS1",NA,NA
"ZNF106","PIAS2",NA,NA
"ZNF106","PIAS3",NA,NA
"ZNF106","PIAS4",NA,NA
"ZNF131","NSMCE2","3.15","5.69"
"ZNF131","PIAS1",NA,NA
"ZNF131","PIAS2",NA,NA
"ZNF131","PIAS3",NA,NA
"ZNF131","PIAS4",NA,NA
"ZNF195","NSMCE2","4.62","10.27"
"ZNF195","PIAS1",NA,NA
"ZNF195","PIAS2",NA,NA
"ZNF195","PIAS3",NA,NA
"ZNF195","PIAS4",NA,NA
"ZNF24","NSMCE2","3.69","1.93"
"ZNF24","PIAS1",NA,NA
"ZNF24","PIAS2",NA,NA
"ZNF24","PIAS3",NA,NA
"ZNF24","PIAS4",NA,NA
"ZNF280C","NSMCE2","0.97","3.77"
"ZNF280C","PIAS1",NA,NA
"ZNF280C","PIAS2",NA,NA
"ZNF280C","PIAS3",NA,NA
"ZNF280C","PIAS4",NA,NA
"ZNF35","NSMCE2",NA,NA
"ZNF35","PIAS1",NA,NA
"ZNF35","PIAS2",NA,NA
"ZNF35","PIAS3",NA,NA
"ZNF35","PIAS4","3.39","3.81"
"ZNF451","NSMCE2","3.4","7.73"
"ZNF451","PIAS1",NA,NA
"ZNF451","PIAS2",NA,NA
"ZNF451","PIAS3",NA,NA
"ZNF451","PIAS4",NA,NA
"ZNF462","NSMCE2","2.25","2.59"
"ZNF462","PIAS1",NA,NA
"ZNF462","PIAS2",NA,NA
"ZNF462","PIAS3",NA,NA
"ZNF462","PIAS4",NA,NA
"ZNF496","NSMCE2","4.97","7.67"
"ZNF496","PIAS1",NA,NA
"ZNF496","PIAS2",NA,NA
"ZNF496","PIAS3",NA,NA
"ZNF496","PIAS4",NA,NA
"ZNF518A","NSMCE2","3.15","2.36"
"ZNF518A","PIAS1",NA,NA
"ZNF518A","PIAS2",NA,NA
"ZNF518A","PIAS3",NA,NA
"ZNF518A","PIAS4",NA,NA
"ZNF638","NSMCE2","3.96","3.77"
"ZNF638","PIAS1",NA,NA
"ZNF638","PIAS2",NA,NA
"ZNF638","PIAS3",NA,NA
"ZNF638","PIAS4",NA,NA
"ZNF644","NSMCE2","1.85","2.9"
"ZNF644","PIAS1",NA,NA
"ZNF644","PIAS2",NA,NA
"ZNF644","PIAS3",NA,NA
"ZNF644","PIAS4",NA,NA
"ZNF687","NSMCE2","2.58","2.19"
"ZNF687","PIAS1",NA,NA
"ZNF687","PIAS2",NA,NA
"ZNF687","PIAS3",NA,NA
"ZNF687","PIAS4",NA,NA
"ZNF800","NSMCE2","2.24","2.92"
"ZNF800","PIAS1",NA,NA
"ZNF800","PIAS2",NA,NA
"ZNF800","PIAS3",NA,NA
"ZNF800","PIAS4",NA,NA
"ZNF827","NSMCE2","4.95","2.11"
"ZNF827","PIAS1",NA,NA
"ZNF827","PIAS2",NA,NA
"ZNF827","PIAS3",NA,NA
"ZNF827","PIAS4",NA,NA
"ZNF888;ZNF701","NSMCE2",NA,NA
"ZNF888;ZNF701","PIAS1",NA,NA
"ZNF888;ZNF701","PIAS2",NA,NA
"ZNF888;ZNF701","PIAS3","1.88","2.46"
"ZNF888;ZNF701","PIAS4",NA,NA
"ZNFN1A2;IKZF2","NSMCE2","3.52","3.06"
"ZNFN1A2;IKZF2","PIAS1",NA,NA
"ZNFN1A2;IKZF2","PIAS2",NA,NA
"ZNFN1A2;IKZF2","PIAS3",NA,NA
"ZNFN1A2;IKZF2","PIAS4",NA,NA
"ZXDC","NSMCE2","2.75","2.01"
"ZXDC","PIAS1",NA,NA
"ZXDC","PIAS2",NA,NA
"ZXDC","PIAS3",NA,NA
"ZXDC","PIAS4",NA,NA
